id,category,name,level_id,mesh_file,x,y,z,rotation
mesh-1,Generic Models,"18"" Deep",,,-9.276,-1.299,5.74,0
mesh-2,Generic Models,"18"" Deep",,,-9.276,-1.299,2.464,0
mesh-3,Generic Models,"18"" Deep",,,-9.276,-1.299,9.804,0
mesh-4,Generic Models,"18"" Deep",,,6.583,4.591,2.464,0
mesh-5,Generic Models,"18"" Deep",,,6.98,-1.299,5.74,0
mesh-6,Generic Models,"18"" Deep",,,6.98,-1.299,9.804,0
mesh-7,Generic Models,"18"" Deep",,,6.583,4.591,5.74,0
mesh-8,Generic Models,"18"" Deep",,,6.583,4.591,9.804,0
mesh-9,Generic Models,"18"" Deep",,,6.583,4.591,13.868,0
mesh-10,Generic Models,"18"" Deep",,,-9.02,3.404,2.464,0
mesh-11,Generic Models,"18"" Deep",,,-4.267,3.445,2.464,0
mesh-12,Generic Models,"18"" Deep",,,-1.237,-1.299,9.804,0
mesh-13,Generic Models,"18"" Deep",,,17.491,0.002,9.804,0
mesh-14,Generic Models,"18"" Deep",,,15.624,3.404,9.804,0
mesh-15,Generic Models,"18"" Deep",,,17.52,0.002,5.74,0
mesh-16,Generic Models,"18"" Deep",,,15.624,3.404,5.74,0
mesh-17,Generic Models,"18"" Deep",,,15.624,3.404,13.868,0
mesh-18,Generic Models,Muntin Pattern_3x1,lv-19,,-29.488,-1.638,14.592,335.501
mesh-19,Generic Models,with Sill,lv-19,,-29.713,-2.132,16.485,92.58
mesh-20,Generic Models,Picture Frame,lv-19,,-29.455,-1.566,16.485,162.743
mesh-21,Generic Models,Muntin Pattern_3x1,lv-19,,-31.295,-0.814,14.592,335.501
mesh-22,Generic Models,with Sill,lv-19,,-31.521,-1.308,16.485,92.58
mesh-23,Generic Models,Picture Frame,lv-19,,-31.263,-0.742,16.485,162.743
mesh-24,Generic Models,Muntin Pattern_3x1,lv-19,,-11.648,-1.067,14.592,335.501
mesh-25,Generic Models,with Sill,lv-19,,-11.716,-1.215,16.485,92.58
mesh-26,Generic Models,Picture Frame,lv-19,,-11.489,-0.717,16.485,162.743
mesh-27,Generic Models,Muntin Pattern_3x1,lv-19,,9.279,-1.379,14.592,335.501
mesh-28,Generic Models,with Sill,lv-19,,9.212,-1.526,16.485,92.58
mesh-29,Generic Models,Picture Frame,lv-19,,9.438,-1.028,16.485,162.743
mesh-30,Generic Models,Muntin Pattern_3x1,lv-19,,-22.896,-1.627,14.592,335.501
mesh-31,Generic Models,with Sill,lv-19,,-23.121,-2.121,16.485,92.58
mesh-32,Generic Models,Picture Frame,lv-19,,-22.863,-1.556,16.485,162.743
mesh-33,Generic Models,Muntin Pattern_3x1,lv-19,,-24.703,-0.803,14.592,335.501
mesh-34,Generic Models,with Sill,lv-19,,-24.928,-1.297,16.485,92.58
mesh-35,Generic Models,Picture Frame,lv-19,,-24.671,-0.732,16.485,162.743
mesh-36,Generic Models,Muntin Pattern_3x1,lv-19,,-16.304,-1.616,14.592,335.501
mesh-37,Generic Models,with Sill,lv-19,,-16.529,-2.111,16.485,92.58
mesh-38,Generic Models,Picture Frame,lv-19,,-16.271,-1.545,16.485,162.743
mesh-39,Generic Models,Muntin Pattern_3x1,lv-19,,-18.111,-0.793,14.592,335.501
mesh-40,Generic Models,with Sill,lv-19,,-18.336,-1.287,16.485,92.58
mesh-41,Generic Models,Picture Frame,lv-19,,-18.078,-0.721,16.485,162.743
mesh-42,Generic Models,Muntin Pattern_3x1,lv-14,,-31.791,-1.901,6.871,335.501
mesh-43,Generic Models,with Sill,lv-14,,-32.111,-2.603,8.763,92.58
mesh-44,Generic Models,Picture Frame,lv-14,,-31.853,-2.038,8.763,162.743
mesh-45,Generic Models,Muntin Pattern_3x1,lv-14,,-29.983,-2.725,6.871,335.501
mesh-46,Generic Models,with Sill,lv-14,,-30.303,-3.427,8.763,92.58
mesh-47,Generic Models,Picture Frame,lv-14,,-30.046,-2.861,8.763,162.743
mesh-48,Generic Models,Muntin Pattern_3x1,lv-17,,-31.499,-1.26,10.731,335.501
mesh-49,Generic Models,with Sill,lv-17,,-31.818,-1.962,12.624,92.58
mesh-50,Generic Models,Picture Frame,lv-17,,-31.561,-1.396,12.624,162.743
mesh-51,Generic Models,Muntin Pattern_3x1,lv-17,,-29.691,-2.083,10.731,335.501
mesh-52,Generic Models,with Sill,lv-17,,-30.011,-2.785,12.624,92.58
mesh-53,Generic Models,Picture Frame,lv-17,,-29.753,-2.22,12.624,162.743
mesh-54,Generic Models,Muntin Pattern_3x1,lv-14,,-25.199,-1.891,6.871,335.501
mesh-55,Generic Models,with Sill,lv-14,,-25.519,-2.593,8.763,92.58
mesh-56,Generic Models,Picture Frame,lv-14,,-25.261,-2.027,8.763,162.743
mesh-57,Generic Models,Muntin Pattern_3x1,lv-14,,-23.391,-2.714,6.871,335.501
mesh-58,Generic Models,with Sill,lv-14,,-23.711,-3.416,8.763,92.58
mesh-59,Generic Models,Picture Frame,lv-14,,-23.453,-2.851,8.763,162.743
mesh-60,Generic Models,Muntin Pattern_3x1,lv-17,,-24.906,-1.249,10.731,335.501
mesh-61,Generic Models,with Sill,lv-17,,-25.226,-1.951,12.624,92.58
mesh-62,Generic Models,Picture Frame,lv-17,,-24.968,-1.386,12.624,162.743
mesh-63,Generic Models,Muntin Pattern_3x1,lv-17,,-23.099,-2.073,10.731,335.501
mesh-64,Generic Models,with Sill,lv-17,,-23.419,-2.775,12.624,92.58
mesh-65,Generic Models,Picture Frame,lv-17,,-23.161,-2.209,12.624,162.743
mesh-66,Generic Models,Muntin Pattern_3x1,lv-14,,-18.606,-1.88,6.871,335.501
mesh-67,Generic Models,with Sill,lv-14,,-18.926,-2.582,8.763,92.58
mesh-68,Generic Models,Picture Frame,lv-14,,-18.669,-2.017,8.763,162.743
mesh-69,Generic Models,Muntin Pattern_3x1,lv-14,,-16.799,-2.704,6.871,335.501
mesh-70,Generic Models,with Sill,lv-14,,-17.119,-3.406,8.763,92.58
mesh-71,Generic Models,Picture Frame,lv-14,,-16.861,-2.84,8.763,162.743
mesh-72,Generic Models,Muntin Pattern_3x1,lv-17,,-18.314,-1.239,10.731,335.501
mesh-73,Generic Models,with Sill,lv-17,,-18.634,-1.941,12.624,92.58
mesh-74,Generic Models,Picture Frame,lv-17,,-18.376,-1.375,12.624,162.743
mesh-75,Generic Models,Muntin Pattern_3x1,lv-17,,-16.507,-2.062,10.731,335.501
mesh-76,Generic Models,with Sill,lv-17,,-16.827,-2.764,12.624,92.58
mesh-77,Generic Models,Picture Frame,lv-17,,-16.569,-2.199,12.624,162.743
mesh-78,Generic Models,Muntin Pattern_2x2,lv-14,,2.819,-9.131,7.528,180
mesh-79,Generic Models,Muntin Pattern_2x2,lv-14,,2.819,-9.087,6.344,180
mesh-80,Generic Models,Picture Frame,lv-14,,2.819,-8.998,8.744,180
mesh-81,Generic Models,Muntin Pattern_2x2,lv-14,,4.547,-9.131,7.522,180
mesh-82,Generic Models,Muntin Pattern_2x2,lv-14,,4.547,-9.087,6.337,180
mesh-83,Generic Models,Picture Frame,lv-14,,4.547,-8.998,8.738,180
mesh-84,Generic Models,"18"" Deep",,,-9.02,3.404,5.74,0
mesh-85,Generic Models,"18"" Deep",,,-9.02,3.404,9.804,0
mesh-86,Generic Models,"18"" Deep",,,-9.02,3.404,13.868,0
mesh-87,Generic Models,"18"" Deep",,,-4.267,3.445,9.804,0
mesh-88,Generic Models,Bandstand Canopy,lv-24,,-2.54,-6.721,16.624,0
mesh-89,Generic Models,Muntin Pattern_2x2,lv-14,,6.274,-9.131,7.528,180
mesh-90,Generic Models,Muntin Pattern_2x2,lv-14,,6.274,-9.087,6.344,180
mesh-91,Generic Models,Picture Frame,lv-14,,6.274,-8.998,8.744,180
mesh-92,Generic Models,Muntin Pattern_2x2,lv-14,,8.407,-9.131,7.528,180
mesh-93,Generic Models,Muntin Pattern_2x2,lv-14,,8.407,-9.087,6.344,180
mesh-94,Generic Models,Picture Frame,lv-14,,8.407,-8.998,8.744,180
mesh-95,Generic Models,Muntin Pattern_2x2,lv-14,,10.135,-9.131,7.528,180
mesh-96,Generic Models,Muntin Pattern_2x2,lv-14,,10.135,-9.087,6.344,180
mesh-97,Generic Models,Picture Frame,lv-14,,10.135,-8.998,8.744,180
mesh-98,Generic Models,Muntin Pattern_2x2,lv-14,,11.811,-9.131,7.528,180
mesh-99,Generic Models,Muntin Pattern_2x2,lv-14,,11.811,-9.087,6.344,180
mesh-100,Generic Models,Picture Frame,lv-14,,11.811,-8.998,8.744,180
mesh-101,Generic Models,Muntin Pattern_2x2,lv-14,,16.908,-8.564,7.528,187.5
mesh-102,Generic Models,Muntin Pattern_2x2,lv-14,,16.902,-8.52,6.344,187.5
mesh-103,Generic Models,Picture Frame,lv-14,,16.89,-8.432,8.744,185.301
mesh-104,Generic Models,Muntin Pattern_2x2,lv-14,,18.62,-8.339,7.528,187.5
mesh-105,Generic Models,Muntin Pattern_2x2,lv-14,,18.615,-8.295,6.344,187.5
mesh-106,Generic Models,Picture Frame,lv-14,,18.603,-8.207,8.744,185.301
mesh-107,Generic Models,Muntin Pattern_2x2,lv-14,,20.333,-8.114,7.528,187.5
mesh-108,Generic Models,Muntin Pattern_2x2,lv-14,,20.327,-8.07,6.344,187.5
mesh-109,Generic Models,Picture Frame,lv-14,,20.315,-7.981,8.744,185.301
mesh-110,Generic Models,Muntin Pattern_2x2,lv-14,,13.928,-8.957,7.528,187.5
mesh-111,Generic Models,Muntin Pattern_2x2,lv-14,,13.922,-8.913,6.344,187.5
mesh-112,Generic Models,Muntin Pattern_2x2,lv-14,,14.852,-8.835,7.528,7.5
mesh-113,Generic Models,Muntin Pattern_2x2,lv-14,,14.846,-8.791,6.344,7.5
mesh-114,Generic Models,Picture Frame,lv-14,,14.372,-8.764,8.744,185.301
mesh-115,Generic Models,Muntin Pattern_2x1,lv-17,,-18.728,12.773,10.801,0
mesh-116,Generic Models,Muntin Pattern_2x1,lv-17,,-19.321,12.817,10.801,0
mesh-117,Generic Models,Picture Frame,lv-17,,-19.025,12.71,12.243,90
mesh-118,Generic Models,Muntin Pattern_2x1,lv-17,,-22.538,12.773,10.801,0
mesh-119,Generic Models,Muntin Pattern_2x1,lv-17,,-23.131,12.817,10.801,0
mesh-120,Generic Models,Picture Frame,lv-17,,-22.835,12.71,12.243,90
mesh-121,Generic Models,Muntin Pattern_2x1,lv-14,,-23.808,12.773,6.648,0
mesh-122,Generic Models,Muntin Pattern_2x1,lv-14,,-24.401,12.817,6.648,0
mesh-123,Generic Models,Picture Frame,lv-14,,-24.105,12.71,8.09,90
mesh-124,Generic Models,Muntin Pattern_2x1,lv-19,,-18.728,12.773,14.865,0
mesh-125,Generic Models,Muntin Pattern_2x1,lv-19,,-19.321,12.817,14.865,0
mesh-126,Generic Models,Picture Frame,lv-19,,-19.025,12.71,16.307,90
mesh-127,Generic Models,Muntin Pattern_2x1,lv-19,,-22.538,12.773,14.865,0
mesh-128,Generic Models,Muntin Pattern_2x1,lv-19,,-23.131,12.817,14.865,0
mesh-129,Generic Models,Picture Frame,lv-19,,-22.835,12.71,16.307,90
mesh-130,Generic Models,Muntin Pattern_2x1,lv-19,,-25.078,12.773,14.865,0
mesh-131,Generic Models,Muntin Pattern_2x1,lv-19,,-25.671,12.817,14.865,0
mesh-132,Generic Models,Picture Frame,lv-19,,-25.375,12.71,16.307,90
mesh-133,Generic Models,Muntin Pattern_2x1,lv-11,,-0.138,12.773,3.6,0
mesh-134,Generic Models,Muntin Pattern_2x1,lv-11,,-0.732,12.817,3.6,0
mesh-135,Generic Models,Picture Frame,lv-11,,-0.435,12.71,5.042,90
mesh-136,Generic Models,Muntin Pattern_2x1,lv-11,,-2.678,12.773,3.6,0
mesh-137,Generic Models,Muntin Pattern_2x1,lv-11,,-3.272,12.817,3.6,0
mesh-138,Generic Models,Picture Frame,lv-11,,-2.975,12.71,5.042,90
mesh-139,Generic Models,Muntin Pattern_2x1,lv-11,,-7.758,12.773,3.6,0
mesh-140,Generic Models,Muntin Pattern_2x1,lv-11,,-8.352,12.817,3.6,0
mesh-141,Generic Models,Picture Frame,lv-11,,-8.055,12.71,5.042,90
mesh-142,Generic Models,Muntin Pattern_2x1,lv-11,,-10.298,12.773,3.6,0
mesh-143,Generic Models,Muntin Pattern_2x1,lv-11,,-10.892,12.817,3.6,0
mesh-144,Generic Models,Picture Frame,lv-11,,-10.595,12.71,5.042,90
mesh-145,Generic Models,Muntin Pattern_2x1,lv-14,,-7.758,12.773,6.648,0
mesh-146,Generic Models,Muntin Pattern_2x1,lv-14,,-8.352,12.817,6.648,0
mesh-147,Generic Models,Picture Frame,lv-14,,-8.055,12.71,8.09,90
mesh-148,Generic Models,Muntin Pattern_2x1,lv-19,,-1.408,12.773,14.865,0
mesh-149,Generic Models,Muntin Pattern_2x1,lv-19,,-2.002,12.817,14.865,0
mesh-150,Generic Models,Picture Frame,lv-19,,-1.705,12.71,16.307,90
mesh-151,Generic Models,Muntin Pattern_2x1,lv-19,,-3.948,12.773,14.865,0
mesh-152,Generic Models,Muntin Pattern_2x1,lv-19,,-4.542,12.817,14.865,0
mesh-153,Generic Models,Picture Frame,lv-19,,-4.245,12.71,16.307,90
mesh-154,Generic Models,Muntin Pattern_2x1,lv-17,,-3.948,12.773,10.801,0
mesh-155,Generic Models,Muntin Pattern_2x1,lv-17,,-4.542,12.817,10.801,0
mesh-156,Generic Models,Picture Frame,lv-17,,-4.245,12.71,12.243,90
mesh-157,Generic Models,Muntin Pattern_2x1,lv-17,,-9.028,12.773,10.801,0
mesh-158,Generic Models,Muntin Pattern_2x1,lv-17,,-9.622,12.817,10.801,0
mesh-159,Generic Models,Picture Frame,lv-17,,-9.325,12.71,12.243,90
mesh-160,Generic Models,Muntin Pattern_2x1,lv-14,,-3.948,12.773,6.648,0
mesh-161,Generic Models,Muntin Pattern_2x1,lv-14,,-4.542,12.817,6.648,0
mesh-162,Generic Models,Picture Frame,lv-14,,-4.245,12.71,8.09,90
mesh-163,Generic Models,Muntin Pattern_2x1,lv-11,,8.752,12.773,3.6,0
mesh-164,Generic Models,Muntin Pattern_2x1,lv-11,,8.158,12.817,3.6,0
mesh-165,Generic Models,Picture Frame,lv-11,,8.455,12.71,5.042,90
mesh-166,Generic Models,Muntin Pattern_2x1,lv-11,,11.292,12.773,3.6,0
mesh-167,Generic Models,Muntin Pattern_2x1,lv-11,,10.698,12.817,3.6,0
mesh-168,Generic Models,Picture Frame,lv-11,,10.995,12.71,5.042,90
mesh-169,Generic Models,Muntin Pattern_2x1,lv-14,,17.642,12.773,6.648,0
mesh-170,Generic Models,Muntin Pattern_2x1,lv-14,,17.048,12.817,6.648,0
mesh-171,Generic Models,Picture Frame,lv-14,,17.345,12.71,8.09,90
mesh-172,Generic Models,Muntin Pattern_2x1,lv-14,,13.832,12.773,6.648,0
mesh-173,Generic Models,Muntin Pattern_2x1,lv-14,,13.238,12.817,6.648,0
mesh-174,Generic Models,Picture Frame,lv-14,,13.535,12.71,8.09,90
mesh-175,Generic Models,Muntin Pattern_2x1,lv-14,,8.752,12.773,6.648,0
mesh-176,Generic Models,Muntin Pattern_2x1,lv-14,,8.158,12.817,6.648,0
mesh-177,Generic Models,Picture Frame,lv-14,,8.455,12.71,8.09,90
mesh-178,Generic Models,Muntin Pattern_2x1,lv-14,,11.292,12.773,6.648,0
mesh-179,Generic Models,Muntin Pattern_2x1,lv-14,,10.698,12.817,6.648,0
mesh-180,Generic Models,Picture Frame,lv-14,,10.995,12.71,8.09,90
mesh-181,Generic Models,Muntin Pattern_2x1,lv-19,,17.642,12.773,14.865,0
mesh-182,Generic Models,Muntin Pattern_2x1,lv-19,,17.048,12.817,14.865,0
mesh-183,Generic Models,Picture Frame,lv-19,,17.345,12.71,16.307,90
mesh-184,Generic Models,Muntin Pattern_2x1,lv-19,,15.102,12.773,14.865,0
mesh-185,Generic Models,Muntin Pattern_2x1,lv-19,,14.508,12.817,14.865,0
mesh-186,Generic Models,Picture Frame,lv-19,,14.805,12.71,16.307,90
mesh-187,Generic Models,Muntin Pattern_2x1,lv-19,,4.942,12.773,14.865,0
mesh-188,Generic Models,Muntin Pattern_2x1,lv-19,,4.348,12.817,14.865,0
mesh-189,Generic Models,Picture Frame,lv-19,,4.645,12.71,16.307,90
mesh-190,Generic Models,Muntin Pattern_2x1,lv-17,,8.752,12.773,10.801,0
mesh-191,Generic Models,Muntin Pattern_2x1,lv-17,,8.158,12.817,10.801,0
mesh-192,Generic Models,Picture Frame,lv-17,,8.455,12.71,12.243,90
mesh-193,Generic Models,Muntin Pattern_2x1,lv-17,,4.942,12.773,10.801,0
mesh-194,Generic Models,Muntin Pattern_2x1,lv-17,,4.348,12.817,10.801,0
mesh-195,Generic Models,Picture Frame,lv-17,,4.645,12.71,12.243,90
mesh-196,Generic Models,Muntin Pattern_2x1,lv-17,,11.292,12.773,10.801,0
mesh-197,Generic Models,Muntin Pattern_2x1,lv-17,,10.698,12.817,10.801,0
mesh-198,Generic Models,Picture Frame,lv-17,,10.995,12.71,12.243,90
mesh-199,Generic Models,Muntin Pattern_2x1,lv-17,,2.402,12.773,10.801,0
mesh-200,Generic Models,Muntin Pattern_2x1,lv-17,,1.808,12.817,10.801,0
mesh-201,Generic Models,Picture Frame,lv-17,,2.105,12.71,12.243,90
mesh-202,Generic Models,Muntin Pattern_2x1,lv-19,,2.402,12.773,14.865,0
mesh-203,Generic Models,Muntin Pattern_2x1,lv-19,,1.808,12.817,14.865,0
mesh-204,Generic Models,Picture Frame,lv-19,,2.105,12.71,16.307,90
mesh-205,Generic Models,Muntin Pattern_3x1,lv-9,,-22.339,12.817,2.781,180
mesh-206,Generic Models,Picture Frame,lv-9,,-22.339,12.71,4.775,90
mesh-207,Generic Models,Muntin Pattern_3x1,lv-9,,-26.124,12.817,2.781,180
mesh-208,Generic Models,Picture Frame,lv-9,,-26.124,12.71,4.775,90
mesh-209,Generic Models,Muntin Pattern_3x1,lv-9,,-24.105,12.817,2.781,180
mesh-210,Generic Models,Picture Frame,lv-9,,-24.105,12.71,4.775,90
mesh-211,Generic Models,Muntin Pattern_3x1,lv-9,,-29.185,12.817,2.781,180
mesh-212,Generic Models,Picture Frame,lv-9,,-29.185,12.71,4.775,90
mesh-213,Generic Models,Muntin Pattern_2x1,lv-14,,-26.348,12.773,6.648,0
mesh-214,Generic Models,Muntin Pattern_2x1,lv-14,,-26.941,12.817,6.648,0
mesh-215,Generic Models,Picture Frame,lv-14,,-26.645,12.71,8.09,90
mesh-216,Generic Models,Muntin Pattern_2x1,lv-14,,-1.408,12.773,6.648,0
mesh-217,Generic Models,Muntin Pattern_2x1,lv-14,,-2.002,12.817,6.648,0
mesh-218,Generic Models,Picture Frame,lv-14,,-1.705,12.71,8.09,90
mesh-219,Generic Models,Picture Frame,lv-14,,-26.645,13.03,8.09,180
mesh-220,Generic Models,Picture Frame,lv-17,,-19.025,13.03,12.243,180
mesh-221,Generic Models,Picture Frame,lv-17,,-22.835,13.03,12.243,180
mesh-222,Generic Models,Picture Frame,lv-14,,-24.105,13.03,8.09,180
mesh-223,Generic Models,Picture Frame,lv-19,,-19.025,13.03,16.307,180
mesh-224,Generic Models,Picture Frame,lv-19,,-22.835,13.03,16.307,180
mesh-225,Generic Models,Picture Frame,lv-19,,-25.375,13.03,16.307,180
mesh-226,Generic Models,Picture Frame,lv-14,,-1.705,13.03,8.09,180
mesh-227,Generic Models,Picture Frame,lv-11,,-0.435,13.03,5.042,180
mesh-228,Generic Models,Picture Frame,lv-11,,-2.975,13.03,5.042,180
mesh-229,Generic Models,Picture Frame,lv-11,,-8.055,13.03,5.042,180
mesh-230,Generic Models,Picture Frame,lv-11,,-10.595,13.03,5.042,180
mesh-231,Generic Models,Picture Frame,lv-19,,-1.705,13.03,16.307,180
mesh-232,Generic Models,Picture Frame,lv-19,,-4.245,13.03,16.307,180
mesh-233,Generic Models,Picture Frame,lv-17,,-4.245,13.03,12.243,180
mesh-234,Generic Models,Picture Frame,lv-17,,-9.325,13.03,12.243,180
mesh-235,Generic Models,Picture Frame,lv-11,,8.455,13.03,5.042,180
mesh-236,Generic Models,Picture Frame,lv-11,,10.995,13.03,5.042,180
mesh-237,Generic Models,Picture Frame,lv-14,,17.345,13.03,8.09,180
mesh-238,Generic Models,Picture Frame,lv-14,,13.535,13.03,8.09,180
mesh-239,Generic Models,Picture Frame,lv-14,,8.455,13.03,8.09,180
mesh-240,Generic Models,Picture Frame,lv-14,,10.995,13.03,8.09,180
mesh-241,Generic Models,Picture Frame,lv-19,,17.345,13.03,16.307,180
mesh-242,Generic Models,Picture Frame,lv-19,,14.805,13.03,16.307,180
mesh-243,Generic Models,Picture Frame,lv-19,,4.645,13.03,16.307,180
mesh-244,Generic Models,Picture Frame,lv-17,,8.455,13.03,12.243,180
mesh-245,Generic Models,Picture Frame,lv-17,,10.995,13.03,12.243,180
mesh-246,Generic Models,Picture Frame,lv-19,,2.105,13.03,16.307,180
mesh-247,Generic Models,Picture Frame,lv-17,,4.645,13.03,12.243,180
mesh-248,Generic Models,Picture Frame,lv-17,,2.105,13.03,12.243,180
mesh-249,Generic Models,Picture Frame,lv-9,,-26.124,13.03,4.775,180
mesh-250,Generic Models,Picture Frame,lv-9,,-24.105,13.03,4.775,180
mesh-251,Generic Models,Picture Frame,lv-9,,-29.185,13.03,4.775,180
mesh-252,Generic Models,Picture Frame,lv-9,,-22.339,13.03,4.775,180
mesh-253,Generic Models,Picture Frame,lv-14,,-8.055,13.03,8.09,180
mesh-254,Generic Models,Picture Frame,lv-14,,-4.245,13.03,8.09,180
mesh-255,Generic Models,AC_Bandstand Canopy,lv-3,,-2.54,-6.721,16.624,360
mesh-256,Generic Models,AC_Bandstand Canopy Rib Centerplane,lv-3,,-1.27,-5.167,22.567,172.755
mesh-257,Generic Models,AC_Bandstand Canopy Rib Centerplane,lv-3,,-0.668,-5.822,22.574,163.782
mesh-258,Generic Models,AC_Bandstand Canopy Rib Centerplane,lv-3,,-0.343,-6.434,22.712,153.07
mesh-259,Generic Models,AC_Bandstand Canopy Rib Centerplane,lv-3,,-0.237,-7.048,22.894,143.036
mesh-260,Generic Models,AC_Bandstand Canopy Rib Centerplane,lv-3,,-0.383,-7.677,23.058,135.851
mesh-261,Generic Models,AC_Bandstand Canopy Rib Centerplane,lv-3,,-0.85,-8.287,23.128,132.26
mesh-262,Generic Models,AC_Bandstand Canopy Rib Centerplane,lv-3,,-1.704,-8.741,23.024,132.413
mesh-263,Generic Models,AC_Bandstand Canopy Rib Centerplane,lv-3,,-2.82,-8.763,22.775,224.307
mesh-264,Generic Models,AC_Bandstand Canopy Rib Centerplane,lv-3,,-2.26,-4.679,22.775,180.272
mesh-265,Generic Models,AC_Bandstand Canopy Rib Centerplane,lv-3,,-3.376,-4.7,23.024,186.186
mesh-266,Generic Models,AC_Bandstand Canopy Rib Centerplane,lv-3,,-4.23,-5.155,23.128,191.133
mesh-267,Generic Models,AC_Bandstand Canopy Rib Centerplane,lv-3,,-4.697,-5.765,23.058,196.171
mesh-268,Generic Models,AC_Bandstand Canopy Rib Centerplane,lv-3,,-4.843,-6.393,22.894,202.729
mesh-269,Generic Models,AC_Bandstand Canopy Rib Centerplane,lv-3,,-4.737,-7.007,22.712,210.058
mesh-270,Generic Models,AC_Bandstand Canopy Rib Centerplane,lv-3,,-4.412,-7.619,22.574,215.957
mesh-271,Generic Models,AC_Bandstand Canopy Rib Centerplane,lv-3,,-3.81,-8.274,22.567,219.859
mesh-272,Planting,15' Canopy,lv-4,,-31.782,-8.095,-1.6,0
mesh-273,Planting,15' Canopy,lv-4,,-31.782,-3.25,-1.6,0
mesh-274,Planting,15' Canopy,lv-4,,-26.923,-3.249,-1.346,0
mesh-275,Planting,15' Canopy,lv-4,,-26.923,-8.092,-1.346,0
mesh-276,Planting,15' Canopy,lv-4,,-24.473,-5.662,-1.346,0
mesh-277,Planting,15' Canopy,lv-4,,-22.047,-3.249,-1.346,0
mesh-278,Planting,15' Canopy,lv-4,,-22.047,-8.092,-1.346,0
mesh-279,Planting,15' Canopy,lv-4,,-19.596,-5.662,-1.346,0
mesh-280,Planting,15' Canopy,lv-4,,-17.168,-3.249,-1.346,0
mesh-281,Planting,15' Canopy,lv-4,,-17.168,-8.092,-1.346,0
mesh-282,Planting,"Lupin 3'-10""",lv-29,,-26.06,7.072,18.694,90
mesh-283,Planting,"Prairie Dropseed 5'-0""",lv-29,,-26.365,8.566,18.694,0
mesh-284,Planting,"Prairie Dropseed 5'-0""",lv-29,,-26.822,9.817,18.694,180
mesh-285,Planting,"Switchgrass 4'-6""",lv-29,,-27.127,6.569,18.694,0
mesh-286,Planting,"Switchgrass 4'-6""",lv-29,,3.119,4.152,18.694,49
mesh-287,Planting,"Prairie Dropseed 5'-0""",lv-29,,-11.208,10.783,18.694,227
mesh-288,Planting,"Hydrangea 3'-9""",lv-29,,-6.794,5.425,18.694,92
mesh-289,Planting,"Lupin 3'-10""",lv-29,,-4.341,5.38,18.694,166
mesh-290,Planting,"Hydrangea 3'-9""",lv-29,,-3.135,5.389,18.694,105
mesh-291,Planting,"Lupin 3'-10""",lv-29,,3.115,5.376,18.694,20
mesh-292,Planting,"Hydrangea 3'-9""",lv-29,,-11.454,7.065,18.694,258
mesh-293,Planting,"Switchgrass 4'-6""",lv-29,,3.099,6.649,18.694,50
mesh-294,Planting,"Hydrangea 3'-9""",lv-29,,-11.434,8.243,18.694,201
mesh-295,Planting,"Lupin 3'-10""",lv-29,,3.125,7.898,18.694,224
mesh-296,Planting,"Switchgrass 4'-6""",lv-29,,-11.455,9.484,18.694,10
mesh-297,Planting,"Hydrangea 3'-9""",lv-29,,-1.587,9.266,18.694,82
mesh-298,Planting,"Hydrangea 3'-9""",lv-29,,-11.279,5.753,18.694,177
mesh-299,Planting,"Switchgrass 4'-6""",lv-29,,-1.668,10.516,18.694,130
mesh-300,Planting,"Switchgrass 4'-6""",lv-29,,-11.408,11.931,18.694,212
mesh-301,Planting,"Lupin 3'-10""",lv-29,,-1.664,11.675,18.694,53
mesh-302,Planting,"Lupin 3'-10""",lv-29,,-2.076,5.358,18.694,20
mesh-303,Planting,"Hydrangea 3'-9""",lv-29,,-6.14,10.784,18.694,50
mesh-304,Planting,"Hydrangea 3'-9""",lv-29,,-6.063,12.034,18.694,224
mesh-305,Planting,"Lupin 3'-10""",lv-29,,1.518,3.826,18.694,166
mesh-306,Planting,"Switchgrass 4'-6""",lv-29,,11.716,0.087,18.694,139
mesh-307,Planting,"Lupin 3'-10""",lv-29,,10.497,0.066,18.694,166
mesh-308,Planting,"Switchgrass 4'-6""",lv-29,,18.402,2.037,18.694,49
mesh-309,Planting,"Lupin 3'-10""",lv-29,,16.827,1.762,18.694,166
mesh-310,Planting,"Hydrangea 3'-9""",lv-29,,17.573,-0.264,18.694,357
mesh-311,Planting,"Switchgrass 4'-6""",lv-29,,17.475,0.844,18.694,212
mesh-312,Planting,"Hydrangea 3'-9""",lv-29,,9.479,1.043,18.694,357
mesh-313,Planting,"Switchgrass 4'-6""",lv-29,,9.583,2.152,18.694,32
mesh-314,Planting,"Hydrangea 3'-9""",lv-29,,2,0.526,18.694,177
mesh-315,Planting,"Switchgrass 4'-6""",lv-29,,2.943,1.837,18.694,122
mesh-316,Planting,"Lupin 3'-10""",lv-29,,1.316,2.177,18.694,20
mesh-317,Planting,"Switchgrass 4'-6""",lv-29,,-7.087,0.164,18.694,42
mesh-318,Planting,"Hydrangea 3'-9""",lv-29,,-9.064,2.19,18.669,185
mesh-319,Planting,"Hydrangea 3'-9""",lv-29,,-7.705,1.223,18.675,84
mesh-320,Planting,"Switchgrass 4'-6""",lv-29,,-32.511,2.766,18.694,78
mesh-321,Planting,"Lupin 3'-10""",lv-29,,-7.801,3.468,18.656,233
mesh-322,Planting,"Hydrangea 3'-9""",lv-29,,-6.509,2.45,18.682,166
mesh-323,Planting,"Hydrangea 3'-9""",lv-29,,-32.865,3.744,18.694,126
mesh-324,Planting,"Hydrangea 3'-9""",lv-29,,-10.151,3.658,18.659,127
mesh-325,Planting,"Lupin 3'-10""",lv-29,,-8.912,3.604,18.653,8
mesh-326,Planting,"Hydrangea 3'-9""",lv-29,,-6.498,3.632,18.679,182
mesh-327,Planting,"Prairie Dropseed 5'-0""",lv-29,,-32.59,4.888,18.694,117
mesh-328,Planting,"Lupin 3'-10""",lv-29,,11.581,1.232,18.694,110
mesh-329,Planting,"Lupin 3'-10""",lv-19,,16.09,-8.055,14.58,336
mesh-330,Planting,"Hydrangea 3'-9""",lv-19,,17.306,-8.008,14.58,190
mesh-331,Planting,"Switchgrass 4'-6""",lv-19,,2.161,-8.642,14.58,126
mesh-332,Planting,"Switchgrass 4'-6""",lv-19,,19.495,-7.785,14.58,80
mesh-333,Planting,"Prairie Dropseed 5'-0""",lv-19,,14.347,-6.898,14.58,169
mesh-334,Planting,"Hydrangea 3'-9""",lv-19,,3.83,-8.657,14.58,139
mesh-335,Planting,"Hydrangea 3'-9""",lv-19,,15.792,-6.793,14.58,171
mesh-336,Planting,"Switchgrass 4'-6""",lv-19,,2.899,-6.886,14.58,302
mesh-337,Planting,"Lupin 3'-10""",lv-19,,18.032,-6.87,14.58,149
mesh-338,Planting,"Lupin 3'-10""",lv-19,,12.146,-5.654,14.58,30
mesh-339,Planting,"Prairie Dropseed 5'-0""",lv-19,,16.8,-5.856,14.58,169
mesh-340,Planting,"Lupin 3'-10""",lv-19,,12.119,-4.371,14.58,113
mesh-341,Planting,"Switchgrass 4'-6""",lv-19,,16.035,-4.348,14.58,70
mesh-342,Planting,"Prairie Dropseed 5'-0""",lv-19,,11.59,-3.157,14.58,39
mesh-343,Planting,"Hydrangea 3'-9""",lv-19,,1.877,-5.79,14.58,150
mesh-344,Planting,"Prairie Dropseed 5'-0""",lv-19,,12.115,-2.165,14.58,88
mesh-345,Planting,"Lupin 3'-10""",lv-19,,-7.094,-2.718,14.58,156
mesh-346,Planting,"Prairie Dropseed 5'-0""",lv-19,,-8.086,-3.432,14.58,171
mesh-347,Planting,"Hydrangea 3'-9""",lv-19,,-6.953,-5.14,14.58,169
mesh-348,Planting,"Switchgrass 4'-6""",lv-19,,-7.265,-1.647,14.58,122
mesh-349,Planting,15' Canopy,lv-28,,-6.819,1.403,18.937,0
mesh-350,Planting,15' Canopy,lv-28,,1.868,1.403,18.948,0
mesh-351,Planting,15' Canopy,lv-19,,-7.455,-3.961,14.834,0
mesh-352,Planting,15' Canopy,lv-19,,2.915,-7.879,14.834,0
mesh-353,Planting,15' Canopy,lv-28,,20.06,-1.57,18.948,0
mesh-354,Planting,15' Canopy,lv-28,,19.552,0.16,18.948,0
mesh-355,Planting,15' Canopy,lv-28,,-33.063,2.427,18.948,0
mesh-356,Planting,"Hydrangea 3'-9""",lv-6,,-5.016,-1.407,-0.241,0
mesh-357,Planting,"Hydrangea 3'-9""",lv-6,,-5.245,-0.683,-0.241,0
mesh-358,Planting,"Century 1'-10""",lv-6,,-5.016,-2.219,-0.241,0
mesh-359,Planting,"Lupin 3'-10""",lv-29,,-13.22,1.078,18.821,299
mesh-360,Planting,"Switchgrass 4'-6""",lv-29,,-16.242,-0.494,18.821,24
mesh-361,Planting,"Lupin 3'-10""",lv-29,,-31.301,0.215,18.821,118
mesh-362,Planting,"Lupin 3'-10""",lv-29,,-22.882,-0.523,18.821,336
mesh-363,Planting,"Lupin 3'-10""",lv-29,,-18.481,0.439,18.821,102
mesh-364,Planting,"Switchgrass 4'-6""",lv-29,,-11.97,0.433,18.821,71
mesh-365,Planting,"Switchgrass 4'-6""",lv-29,,-29.391,-0.619,18.821,161
mesh-366,Planting,"Switchgrass 4'-6""",lv-29,,-30.262,-0.222,18.821,1
mesh-367,Planting,"Lupin 3'-10""",lv-29,,-11.034,0.115,18.821,234
mesh-368,Planting,"Hydrangea 3'-9""",lv-29,,-19.71,0.999,18.821,122
mesh-369,Planting,"Lupin 3'-10""",lv-29,,-17.365,-0.07,18.821,17
mesh-370,Planting,"Hydrangea 3'-9""",lv-29,,-25.144,0.406,18.821,91
mesh-371,Planting,"Lupin 3'-10""",lv-29,,-26.297,0.97,18.821,0
mesh-372,Planting,"Lupin 3'-10""",lv-29,,-23.858,-0.148,18.821,0
mesh-373,Planting,"Lupin 3'-10""",lv-29,,-32.305,0.686,18.821,0
mesh-374,Planting,"Lupin 3'-10""",lv-29,,-9.736,-0.532,18.821,0
mesh-375,Planting,"Lupin 3'-10""",lv-29,,-33.057,1.613,18.694,0
mesh-376,Planting,"Lupin 3'-10""",lv-29,,-31.156,5.134,18.694,0
mesh-377,Planting,"Lupin 3'-10""",lv-29,,19.295,4.348,18.694,110
mesh-378,Planting,"Lupin 3'-10""",lv-29,,19.191,6.028,18.694,166
mesh-379,Planting,"Switchgrass 4'-6""",lv-29,,19.059,8.297,18.694,212
mesh-380,Planting,"Lupin 3'-10""",lv-29,,-5.581,5.358,18.694,20
mesh-381,Planting,"Lupin 3'-10""",lv-29,,-7.715,5.358,18.694,20
mesh-382,Planting,"Lupin 3'-10""",lv-29,,-8.141,8.96,18.694,20
mesh-383,Planting,"Lupin 3'-10""",lv-29,,-3.512,8.919,18.694,20
mesh-384,Planting,"Switchgrass 4'-6""",lv-29,,-4.712,8.871,18.694,50
mesh-385,Planting,"Switchgrass 4'-6""",lv-29,,-6.952,8.869,18.694,50
mesh-386,Planting,"Prairie Dropseed 5'-0""",lv-19,,-14.103,-7.633,14.58,0
mesh-387,Planting,"Hydrangea 3'-9""",lv-19,,-14.103,-6.185,14.58,0
mesh-388,Planting,"Lupin 3'-10""",lv-19,,-12.859,-7.501,14.58,0
mesh-389,Site,Parking Symbol - ADA,lv-3,,-4.496,6.591,-5.156,0
mesh-390,Site,Direction Arrow - Straight,lv-3,,-8.79,3.274,-5.156,90
mesh-391,Site,Direction Arrow - Straight,lv-3,,-10.365,1.141,-5.156,270
mesh-392,Site,Parking Symbol - ADA,lv-3,,-29.475,-2.487,-5.156,180
mesh-393,Site,Tree Grate,lv-4,,-26.924,-8.085,-1.194,90
mesh-394,Site,Tree Grate,lv-4,,-26.924,-3.242,-1.194,90
mesh-395,Site,Tree Grate,lv-4,,-22.047,-8.086,-1.194,90
mesh-396,Site,Tree Grate,lv-4,,-22.047,-3.243,-1.194,90
mesh-397,Site,Tree Grate,lv-4,,-17.17,-8.087,-1.194,90
mesh-398,Site,Tree Grate,lv-4,,-17.17,-3.244,-1.194,90
mesh-399,Site,Tree Grate,lv-4,,-24.486,-5.655,-1.194,90
mesh-400,Site,Tree Grate,lv-4,,-19.609,-5.656,-1.194,90
mesh-401,Site,Tree Grate,lv-4,,-31.782,-8.087,-1.549,90
mesh-402,Site,Tree Grate,lv-4,,-31.782,-3.242,-1.549,90
mesh-403,Site,Potted Tree,lv-28,,-6.813,1.403,18.683,0
mesh-404,Site,Potted Tree,lv-28,,1.874,1.403,18.694,0
mesh-405,Site,Potted Tree,lv-19,,-7.449,-3.961,14.58,0
mesh-406,Site,Potted Tree,lv-19,,2.921,-7.879,14.58,0
mesh-407,Site,Potted Tree,lv-28,,20.066,-1.57,18.694,0
mesh-408,Site,Potted Tree,lv-28,,19.558,0.16,18.694,0
mesh-409,Site,Potted Tree,lv-28,,-33.057,2.427,18.694,0
mesh-410,Site,12 D x 10 H,lv-28,,-22.099,5.085,18.339,0
mesh-411,Site,20 D x 22 H,lv-28,,-22.132,5.818,18.339,0
mesh-412,Site,16 D x 16 H,lv-28,,-23.16,5.011,18.339,0
mesh-413,Site,16 D x 16 H,lv-28,,-23.323,5.85,18.339,0
mesh-414,Site,16 D x 16 H,lv-28,,-22.677,5.5,18.339,0
mesh-415,Site,12 D x 10 H,lv-28,,-22.851,6.16,18.339,0
mesh-416,Site,20 D x 22 H,lv-28,,-25.145,11.608,18.339,0
mesh-417,Site,16 D x 16 H,lv-28,,-25.792,12.254,18.313,0
mesh-418,Site,18 D x 16 H,lv-28,,-19.696,12.254,18.313,0
mesh-419,Site,16 D x 16 H,lv-28,,-20.27,11.57,18.339,0
mesh-420,Site,"72""",lv-4,,-19.609,-7.382,-1.194,180
mesh-421,Site,"72""",lv-4,,-24.486,-7.382,-1.194,180
mesh-422,Site,"72""",lv-4,,-24.486,-3.947,-1.194,360
mesh-423,Site,"72""",lv-4,,-19.609,-3.947,-1.194,360
mesh-424,Site,"72""",lv-4,,-16.078,-5.656,-1.194,270
mesh-425,Site,18 D x 16 H,lv-19,,11.071,-7.506,14.275,0
mesh-426,Site,20 D x 22 H,lv-19,,13.509,-8.486,14.275,0
mesh-427,Site,18 D x 16 H,lv-19,,8.788,-3.138,14.275,0
mesh-428,Site,12 D x 10 H,lv-19,,7.669,-0.317,14.275,0
mesh-429,Site,20 D x 22 H,lv-19,,9.87,-5.478,14.275,0
mesh-430,Site,20 D x 22 H,lv-19,,10.049,-3.504,14.275,0
mesh-431,Site,20 D x 22 H,lv-19,,10.841,-5.997,14.275,0
mesh-432,Site,12 D x 10 H,lv-19,,10.329,-6.504,14.275,0
mesh-433,Site,20 D x 22 H,lv-19,,8.67,-3.824,14.275,0
mesh-434,Site,12 D x 10 H,lv-19,,11.976,-8.304,14.275,0
mesh-435,Site,16 D x 16 H,lv-19,,7.002,-1.065,14.275,0
mesh-436,Site,12 D x 10 H,lv-19,,9.564,-3.918,14.275,0
mesh-437,Site,12 D x 10 H,lv-19,,11.859,-6.611,14.275,0
mesh-438,Site,20 D x 22 H,lv-19,,8.669,-2.249,14.275,0
mesh-439,Site,18 D x 16 H,lv-19,,10.684,-5.024,14.275,0
mesh-440,Site,12 D x 10 H,lv-19,,8.109,-2.424,14.275,0
mesh-441,Site,20 D x 22 H,lv-19,,9.68,-4.954,14.275,0
mesh-442,Site,12 D x 10 H,lv-19,,11.701,-7.242,14.275,0
mesh-443,Site,18 D x 16 H,lv-19,,7.696,-2.016,14.275,0
mesh-444,Site,20 D x 22 H,lv-19,,11.274,-6.402,14.275,0
mesh-445,Site,16 D x 16 H,lv-19,,9.403,-2.834,14.275,0
mesh-446,Site,20 D x 22 H,lv-19,,10.049,-4.246,14.275,0
mesh-447,Site,20 D x 22 H,lv-19,,10.569,-7.099,14.275,0
mesh-448,Site,16 D x 16 H,lv-19,,10.684,-3.844,14.275,0
mesh-449,Site,20 D x 22 H,lv-19,,14.122,-8.029,14.275,0
mesh-450,Site,16 D x 16 H,lv-19,,9.119,-4.479,14.275,0
mesh-451,Site,16 D x 16 H,lv-19,,12.833,-7.758,14.275,0
mesh-452,Site,18 D x 16 H,lv-19,,15.103,-8.276,14.275,0
mesh-453,Site,18 D x 16 H,lv-29,,4.65,1.231,18.339,0
mesh-454,Site,12 D x 10 H,lv-29,,5.425,0.451,18.339,0
mesh-455,Site,12 D x 10 H,lv-29,,3.97,1.945,18.339,0
mesh-456,Site,12 D x 10 H,lv-29,,7.364,1.433,18.339,0
mesh-457,Site,20 D x 22 H,lv-29,,6.823,2.165,18.339,0
mesh-458,Site,16 D x 16 H,lv-29,,5.264,1.535,18.339,0
mesh-459,Site,20 D x 22 H,lv-29,,6.233,0.762,18.339,0
mesh-460,Site,16 D x 16 H,lv-29,,6.43,1.231,18.339,0
mesh-461,Site,16 D x 16 H,lv-29,,8.108,0.876,18.339,0
mesh-462,Site,16 D x 16 H,lv-29,,5.505,2.146,18.339,0
mesh-463,Site,12 D x 10 H,lv-29,,8.569,0.451,18.339,0
mesh-464,Generic Models,40x88,lv-7,,-30.518,6.668,-1.803,90
mesh-465,Generic Models,50x87,lv-3,,-29.096,7.811,-1.803,180
mesh-466,Generic Models,50x93,lv-3,,-29.096,7.811,-5.309,180
mesh-467,Generic Models,50x87,lv-7,,-0.279,5.88,-1.054,180
mesh-468,Generic Models,40x94,lv-3,,12.497,-0.089,-5.309,270
mesh-469,Generic Models,40x88,lv-11,,-12.967,5.855,2.464,180
mesh-470,Generic Models,50x87,lv-11,,-0.305,5.88,2.464,180
mesh-471,Generic Models,50x87,lv-14,,-0.305,5.88,5.74,180
mesh-472,Generic Models,50x87,lv-17,,-0.305,5.88,9.804,180
mesh-473,Generic Models,50x87,lv-14,,-29.096,7.811,5.74,180
mesh-474,Generic Models,40x88,lv-14,,-12.967,5.855,5.74,180
mesh-475,Generic Models,40x88,lv-17,,-12.967,5.855,9.804,180
mesh-476,Generic Models,40x88,lv-19,,-12.967,5.855,13.868,180
mesh-477,Generic Models,40x88,lv-28,,-12.967,5.855,18.186,180
mesh-478,Generic Models,50x87,lv-19,,-0.305,5.88,13.868,180
mesh-479,Generic Models,50x87,lv-28,,-0.305,5.88,18.186,180
mesh-480,Generic Models,40x88,lv-14,,-30.518,6.668,5.74,90
mesh-481,Generic Models,Opening,lv-3,,-23.711,-8.611,-5.309,180
mesh-482,Generic Models,50x87,lv-9,,-29.096,7.811,1.676,180
mesh-483,Generic Models,Opening,lv-7,,-31.94,13.183,-0,360
mesh-484,Generic Models,Opening,lv-7,,-13.589,13.183,-0,360
mesh-485,Generic Models,40x88,lv-19,,13.386,0.724,13.868,360
mesh-486,Generic Models,40x88,lv-28,,13.386,0.724,18.186,360
mesh-487,Generic Models,Opening,lv-19,,13.995,-6.134,14.986,180
mesh-488,Generic Models,40x88,lv-11,,13.386,0.724,2.464,360
mesh-489,Generic Models,40x88,lv-14,,13.386,0.724,5.74,360
mesh-490,Generic Models,40x88,lv-17,,13.386,0.724,9.804,360
mesh-491,Generic Models,"1'0""x1'-7""x4""",lv-13,,-30.518,5.855,5.105,270
mesh-492,Generic Models,"1'0""x1'-7""x4""",lv-13,,-29.096,10.325,5.105,360
mesh-493,Generic Models,"1'0""x1'-7""x4""",lv-13,,-30.518,12.637,5.105,270
mesh-494,Generic Models,"1'0""x1'-7""x4""",lv-13,,-33.757,5.855,5.105,180
mesh-495,Generic Models,40x94,lv-3,,-30.518,6.668,-5.309,90
mesh-496,Generic Models,40x94,lv-3,,-14.199,5.779,-5.309,180
mesh-497,Generic Models,50x93,lv-3,,-0.33,5.778,-5.309,180
mesh-498,Generic Models,40x88,lv-17,,-30.518,6.668,9.804,90
mesh-499,Generic Models,40x88,lv-19,,-30.518,6.668,13.868,90
mesh-500,Generic Models,40x88,lv-28,,-30.518,6.668,18.186,90
mesh-501,Generic Models,50x87,lv-17,,-29.096,7.811,9.804,180
mesh-502,Generic Models,50x87,lv-19,,-29.096,7.811,13.868,180
mesh-503,Generic Models,50x87,lv-28,,-29.096,7.811,18.186,180
mesh-504,Generic Models,"1'0""x1'-7""x4""",lv-10,,-15.011,5.855,1.829,180
mesh-505,Generic Models,"1'0""x1'-7""x4""",lv-10,,-12.154,5.855,1.778,270
mesh-506,Generic Models,"1'0""x1'-7""x4""",lv-13,,-15.011,5.855,5.105,180
mesh-507,Generic Models,"1'0""x1'-7""x4""",lv-13,,-12.154,5.855,5.055,270
mesh-508,Generic Models,"1'0""x1'-7""x4""",lv-13,,-12.154,12.637,5.055,270
mesh-509,Generic Models,"1'0""x1'-7""x4""",lv-13,,-29.102,7.811,5.105,180
mesh-510,Generic Models,"1'0""x1'-7""x4""",lv-11,,-27.699,7.811,5.105,180
mesh-511,Generic Models,"1'0""x1'-7""x4""",lv-11,,-27.699,10.325,5.105,360
mesh-512,Generic Models,"1'0""x1'-7""x4""",lv-13,,-15.011,12.637,5.118,90
mesh-513,Generic Models,"1'0""x1'-7""x4""",lv-8,,-29.096,10.325,1.054,360
mesh-514,Generic Models,"1'0""x1'-7""x4""",lv-8,,-30.518,12.637,1.054,270
mesh-515,Generic Models,"1'0""x1'-7""x4""",lv-8,,-27.699,10.325,1.054,360
mesh-516,Generic Models,"1'0""x1'-7""x4""",lv-8,,-15.011,12.637,0.927,90
mesh-517,Generic Models,"1'0""x1'-7""x4""",lv-8,,-27.699,7.811,1.054,180
mesh-518,Generic Models,"1'0""x1'-7""x4""",lv-8,,-15.011,5.855,0.94,90
mesh-519,Generic Models,"1'0""x1'-7""x4""",lv-7,,-29.089,7.811,1.054,180
mesh-520,Generic Models,"1'0""x1'-7""x4""",lv-9,,-12.154,12.636,1.778,270
mesh-521,Generic Models,"1'0""x1'-7""x4""",lv-28,,-27.699,7.811,17.31,180
mesh-522,Generic Models,"1'0""x1'-7""x4""",lv-28,,-29.089,7.811,17.247,180
mesh-523,Generic Models,"1'0""x1'-7""x4""",lv-27,,-29.096,10.325,17.247,360
mesh-524,Generic Models,"1'0""x1'-7""x4""",lv-27,,-27.699,10.325,17.31,360
mesh-525,Generic Models,"1'0""x1'-7""x4""",lv-27,,-30.518,5.855,17.24,270
mesh-526,Generic Models,"1'0""x1'-7""x4""",lv-27,,-33.68,5.855,17.297,180
mesh-527,Generic Models,"1'0""x1'-7""x4""",lv-27,,-30.518,12.637,17.247,270
mesh-528,Generic Models,"1'0""x1'-7""x4""",lv-16,,-15.011,5.855,9.169,180
mesh-529,Generic Models,"1'0""x1'-7""x4""",lv-16,,-12.154,5.855,9.119,270
mesh-530,Generic Models,"1'0""x1'-7""x4""",lv-16,,-12.154,12.637,9.119,270
mesh-531,Generic Models,"1'0""x1'-7""x4""",lv-16,,-15.011,12.637,9.119,90
mesh-532,Generic Models,"1'0""x1'-7""x4""",lv-18,,-15.011,5.855,13.233,180
mesh-533,Generic Models,"1'0""x1'-7""x4""",lv-18,,-12.154,5.855,13.183,270
mesh-534,Generic Models,"1'0""x1'-7""x4""",lv-18,,-12.154,12.637,13.183,270
mesh-535,Generic Models,"1'0""x1'-7""x4""",lv-18,,-15.011,12.637,13.183,90
mesh-536,Generic Models,"1'0""x1'-7""x4""",lv-16,,-27.699,7.811,9.182,180
mesh-537,Generic Models,"1'0""x1'-7""x4""",lv-16,,-29.089,7.811,9.119,180
mesh-538,Generic Models,"1'0""x1'-7""x4""",lv-16,,-29.096,10.325,9.119,360
mesh-539,Generic Models,"1'0""x1'-7""x4""",lv-16,,-27.699,10.325,9.182,360
mesh-540,Generic Models,"1'0""x1'-7""x4""",lv-16,,-30.518,5.855,9.112,270
mesh-541,Generic Models,"1'0""x1'-7""x4""",lv-16,,-33.68,5.855,9.169,180
mesh-542,Generic Models,"1'0""x1'-7""x4""",lv-16,,-30.518,12.637,9.119,270
mesh-543,Generic Models,"1'0""x1'-7""x4""",lv-27,,-15.011,12.637,17.247,90
mesh-544,Generic Models,"1'0""x1'-7""x4""",lv-18,,-27.699,7.811,13.246,180
mesh-545,Generic Models,"1'0""x1'-7""x4""",lv-18,,-29.089,7.811,13.183,180
mesh-546,Generic Models,"1'0""x1'-7""x4""",lv-18,,-29.096,10.325,13.183,360
mesh-547,Generic Models,"1'0""x1'-7""x4""",lv-18,,-27.699,10.325,13.246,360
mesh-548,Generic Models,"1'0""x1'-7""x4""",lv-18,,-30.518,5.855,13.176,270
mesh-549,Generic Models,"1'0""x1'-7""x4""",lv-18,,-33.68,5.855,13.233,180
mesh-550,Generic Models,"1'0""x1'-7""x4""",lv-18,,-30.518,12.637,13.183,270
mesh-551,Generic Models,"1'0""x1'-7""x4""",lv-27,,-15.011,5.855,17.297,180
mesh-552,Generic Models,"1'0""x1'-7""x4""",lv-27,,-12.154,5.855,17.247,270
mesh-553,Generic Models,"1'0""x1'-7""x4""",lv-27,,-12.154,12.637,17.247,270
mesh-554,Generic Models,40x88,lv-7,,13.36,-6.134,-0,360
mesh-555,Generic Models,Picture Frame,lv-11,,-31.902,-8.791,4.445,90
mesh-556,Generic Models,Picture Frame,lv-11,,-28.397,-8.791,4.445,90
mesh-557,Generic Models,Picture Frame,lv-11,,-25.14,-8.791,4.845,90
mesh-558,Generic Models,Picture Frame,lv-11,,-23.87,-8.791,4.845,90
mesh-559,Generic Models,Picture Frame,lv-11,,-20.542,-8.842,4.845,90
mesh-560,Generic Models,Picture Frame,lv-11,,-19.272,-8.842,4.845,90
mesh-561,Generic Models,Picture Frame,lv-11,,-16.427,-8.842,4.845,90
mesh-562,Generic Models,Stone,lv-11,,-7.757,-8.893,5.334,180
mesh-563,Generic Models,Stone,lv-11,,-9.738,-8.893,5.334,180
mesh-564,Generic Models,Stone,lv-11,,-11.719,-8.893,5.334,180
mesh-565,Generic Models,Stone,lv-11,,-13.7,-8.893,5.334,180
mesh-566,Generic Models,Trim-Window-Exterior-Sill and Arch,lv-14,,-7.757,-8.893,8.826,180
mesh-567,Generic Models,Trim-Window-Exterior-Sill and Arch,lv-14,,-9.738,-8.893,8.826,180
mesh-568,Generic Models,Trim-Window-Exterior-Sill and Arch,lv-14,,-11.719,-8.893,8.826,180
mesh-569,Generic Models,Trim-Window-Exterior-Sill and Arch,lv-14,,-13.7,-8.893,8.826,180
mesh-570,Generic Models,Trim-Window-Exterior-Sill and Arch,lv-17,,-13.7,-8.893,12.167,180
mesh-571,Generic Models,Trim-Window-Exterior-Sill and Arch,lv-17,,-11.719,-8.893,12.167,180
mesh-572,Generic Models,Trim-Window-Exterior-Sill and Arch,lv-17,,-9.763,-8.893,12.167,180
mesh-573,Generic Models,Trim-Window-Exterior-Sill and Arch,lv-17,,-7.782,-8.893,12.167,180
mesh-574,Generic Models,Trim-Window-Exterior-Sill and Arch_Dbl Rowlock,lv-17,,-5.067,-9.502,12.116,90
mesh-575,Generic Models,Trim-Window-Exterior-Sill and Arch_Dbl Rowlock,lv-17,,-3.289,-9.502,12.116,90
mesh-576,Generic Models,Trim-Window-Exterior-Sill and Arch_Dbl Rowlock,lv-17,,-1.791,-9.502,12.116,90
mesh-577,Generic Models,Trim-Window-Exterior-Sill and Arch_Dbl Rowlock,lv-17,,-0.013,-9.502,12.116,90
mesh-578,Generic Models,Trim-Window-Exterior-Sill and Arch_Dbl Rowlock,lv-17,,2.908,-9.477,12.573,90
mesh-579,Generic Models,Trim-Window-Exterior-Sill and Arch_Dbl Rowlock,lv-17,,4.534,-9.477,12.573,90
mesh-580,Generic Models,Trim-Window-Exterior-Sill and Arch_Dbl Rowlock,lv-17,,6.159,-9.477,12.573,90
mesh-581,Generic Models,Trim-Window-Exterior-Sill and Arch_Dbl Rowlock,lv-17,,8.522,-9.477,12.573,90
mesh-582,Generic Models,Trim-Window-Exterior-Sill and Arch_Dbl Rowlock,lv-17,,10.147,-9.477,12.573,90
mesh-583,Generic Models,Trim-Window-Exterior-Sill and Arch_Dbl Rowlock,lv-17,,11.773,-9.477,12.573,90
mesh-584,Generic Models,Trim-Window-Exterior-Sill and Arch_Dbl Rowlock,lv-17,,17.094,-8.884,12.573,90.245
mesh-585,Generic Models,Trim-Window-Exterior-Sill and Arch_Dbl Rowlock,lv-17,,18.68,-8.675,12.573,90.245
mesh-586,Generic Models,Trim-Window-Exterior-Sill and Arch_Dbl Rowlock,lv-17,,20.267,-8.466,12.573,90.245
mesh-587,Generic Models,Trim-Window-Exterior-Sill and Arch_Dbl Rowlock,lv-17,,15.18,-9.136,12.573,90.245
mesh-588,Generic Models,Trim-Window-Exterior-Sill and Arch_Dbl Rowlock,lv-17,,13.669,-9.335,12.573,90.245
mesh-589,Generic Models,Soldier Brick,lv-14,,2.819,-9.477,8.75,90
mesh-590,Generic Models,Soldier Brick,lv-14,,4.547,-9.477,8.75,90
mesh-591,Generic Models,Soldier Brick,lv-14,,6.274,-9.477,8.75,90
mesh-592,Generic Models,Soldier Brick,lv-14,,8.407,-9.477,8.75,90
mesh-593,Generic Models,Soldier Brick,lv-14,,10.135,-9.477,8.75,90
mesh-594,Generic Models,Soldier Brick,lv-14,,11.811,-9.477,8.75,90
mesh-595,Generic Models,Soldier Brick,lv-14,,14.434,-9.234,8.75,90.245
mesh-596,Generic Models,Soldier Brick,lv-14,,16.952,-8.903,8.75,90.245
mesh-597,Generic Models,Soldier Brick,lv-14,,18.665,-8.677,8.75,90.245
mesh-598,Generic Models,Soldier Brick,lv-14,,20.377,-8.452,8.75,90.245
mesh-599,Generic Models,Muntin Pattern_3x1 Unequal,lv-17,,13.661,-9.275,11.579,187.5
mesh-600,Generic Models,Muntin Pattern_3x1 Unequal,lv-17,,13.655,-9.231,10.617,187.5
mesh-601,Generic Models,Muntin Pattern_Half Circle,lv-17,,13.651,-9.199,12.548,7.5
mesh-602,Generic Models,Muntin Pattern_3x1 Unequal,lv-17,,15.172,-9.076,11.579,187.5
mesh-603,Generic Models,Muntin Pattern_3x1 Unequal,lv-17,,15.166,-9.032,10.617,187.5
mesh-604,Generic Models,Muntin Pattern_Half Circle,lv-17,,15.162,-9.001,12.548,7.5
mesh-605,Generic Models,Muntin Pattern_3x1 Unequal,lv-17,,20.259,-8.406,11.579,187.5
mesh-606,Generic Models,Muntin Pattern_3x1 Unequal,lv-17,,20.253,-8.362,10.617,187.5
mesh-607,Generic Models,Muntin Pattern_Half Circle,lv-17,,20.249,-8.331,12.548,7.5
mesh-608,Generic Models,Muntin Pattern_3x1 Unequal,lv-17,,18.672,-8.615,11.579,187.5
mesh-609,Generic Models,Muntin Pattern_3x1 Unequal,lv-17,,18.667,-8.571,10.617,187.5
mesh-610,Generic Models,Muntin Pattern_Half Circle,lv-17,,18.662,-8.54,12.548,7.5
mesh-611,Generic Models,Muntin Pattern_3x1 Unequal,lv-17,,17.086,-8.824,11.579,187.5
mesh-612,Generic Models,Muntin Pattern_3x1 Unequal,lv-17,,17.08,-8.78,10.617,187.5
mesh-613,Generic Models,Muntin Pattern_Half Circle,lv-17,,17.076,-8.749,12.548,7.5
mesh-614,Generic Models,Muntin Pattern_3x1 Unequal,lv-17,,11.773,-9.416,11.579,180
mesh-615,Generic Models,Muntin Pattern_3x1 Unequal,lv-17,,11.773,-9.372,10.617,180
mesh-616,Generic Models,Muntin Pattern_Half Circle,lv-17,,11.773,-9.34,12.548,360
mesh-617,Generic Models,Muntin Pattern_3x1 Unequal,lv-17,,10.147,-9.416,11.579,180
mesh-618,Generic Models,Muntin Pattern_3x1 Unequal,lv-17,,10.147,-9.372,10.617,180
mesh-619,Generic Models,Muntin Pattern_Half Circle,lv-17,,10.147,-9.34,12.548,360
mesh-620,Generic Models,Muntin Pattern_3x1 Unequal,lv-17,,8.522,-9.416,11.579,180
mesh-621,Generic Models,Muntin Pattern_3x1 Unequal,lv-17,,8.522,-9.372,10.617,180
mesh-622,Generic Models,Muntin Pattern_Half Circle,lv-17,,8.522,-9.34,12.548,360
mesh-623,Generic Models,Muntin Pattern_3x1 Unequal,lv-17,,6.16,-9.416,11.579,180
mesh-624,Generic Models,Muntin Pattern_3x1 Unequal,lv-17,,6.159,-9.372,10.617,180
mesh-625,Generic Models,Muntin Pattern_Half Circle,lv-17,,6.16,-9.34,12.548,360
mesh-626,Generic Models,Muntin Pattern_3x1 Unequal,lv-17,,2.908,-9.416,11.579,180
mesh-627,Generic Models,Muntin Pattern_3x1 Unequal,lv-17,,2.908,-9.372,10.617,180
mesh-628,Generic Models,Muntin Pattern_Half Circle,lv-17,,2.908,-9.34,12.548,360
mesh-629,Generic Models,Muntin Pattern_3x1 Unequal,lv-17,,4.534,-9.416,11.579,180
mesh-630,Generic Models,Muntin Pattern_3x1 Unequal,lv-17,,4.534,-9.372,10.617,180
mesh-631,Generic Models,Muntin Pattern_Half Circle,lv-17,,4.534,-9.34,12.548,360
mesh-632,Generic Models,Muntin Pattern_2x2,lv-14,,3.013,-9.391,7.109,180
mesh-633,Generic Models,Muntin Pattern_2x2,lv-14,,3.013,-9.347,6.629,180
mesh-634,Generic Models,with Sill,lv-14,,3.013,-9.426,7.62,90
mesh-635,Generic Models,Picture Frame,lv-14,,3.013,-9.172,7.62,180
mesh-636,Generic Models,Muntin Pattern_2x2,lv-14,,6.48,-9.391,7.261,180
mesh-637,Generic Models,Muntin Pattern_2x2,lv-14,,6.48,-9.347,6.782,180
mesh-638,Generic Models,with Sill,lv-14,,6.48,-9.426,7.772,90
mesh-639,Generic Models,Picture Frame,lv-14,,6.48,-9.172,7.772,180
mesh-640,Generic Models,Muntin Pattern_2x2,lv-14,,9.957,-9.391,7.157,180
mesh-641,Generic Models,Muntin Pattern_2x2,lv-14,,9.957,-9.347,6.678,180
mesh-642,Generic Models,with Sill,lv-14,,9.957,-9.426,7.669,90
mesh-643,Generic Models,Picture Frame,lv-14,,9.957,-9.172,7.669,180
mesh-644,Generic Models,Muntin Pattern_2x2,lv-14,,18.654,-8.592,7.439,187.5
mesh-645,Generic Models,Muntin Pattern_2x2,lv-14,,18.648,-8.548,6.96,187.5
mesh-646,Generic Models,with Sill,lv-14,,18.658,-8.627,7.95,90.245
mesh-647,Generic Models,Picture Frame,lv-14,,18.625,-8.375,7.95,185.301
mesh-648,Generic Models,Cresting_Fluer de Lis,lv-22,,1.96,-9.825,15.57,0
mesh-649,Generic Models,Cresting_Shell,lv-22,,7.299,-9.825,15.57,0
mesh-650,Generic Models,Cresting_Shell_Corner,lv-22,,1.274,-9.8,15.57,270
mesh-651,Generic Models,Cresting_Fluer de Lis,lv-22,,7.966,-9.825,15.57,0
mesh-652,Generic Models,Cresting_Shell,lv-22,,12.97,-9.786,15.57,7.5
mesh-653,Generic Models,Cresting_Fluer de Lis,lv-22,,13.668,-9.694,15.57,7.5
mesh-654,Generic Models,Cresting_Fluer de Lis,lv-22,,14.462,-9.589,15.57,7.5
mesh-655,Generic Models,Cresting_Fluer de Lis,lv-22,,15.255,-9.485,15.57,7.5
mesh-656,Generic Models,Cresting_Shell_Corner,lv-22,,21.933,-8.595,15.57,7.5
mesh-657,Generic Models,Cresting_Fluer de Lis,lv-22,,16.64,-9.302,15.57,7.5
mesh-658,Generic Models,Cresting_Shell,lv-22,,15.954,-9.393,15.57,7.5
mesh-659,Generic Models,Cresting_Fluer de Lis,lv-22,,8.69,-9.825,15.57,0
mesh-660,Generic Models,Cresting_Fluer de Lis,lv-22,,9.414,-9.825,15.57,0
mesh-661,Generic Models,Cresting_Fluer de Lis,lv-22,,10.137,-9.825,15.57,0
mesh-662,Generic Models,Cresting_Fluer de Lis,lv-22,,10.861,-9.825,15.57,0
mesh-663,Generic Models,Cresting_Fluer de Lis,lv-22,,11.585,-9.825,15.57,0
mesh-664,Generic Models,Cresting_Fluer de Lis,lv-22,,12.309,-9.825,15.57,0
mesh-665,Generic Models,Cresting_Fluer de Lis,lv-22,,2.735,-9.825,15.57,0
mesh-666,Generic Models,Cresting_Fluer de Lis,lv-22,,3.51,-9.825,15.57,0
mesh-667,Generic Models,Cresting_Fluer de Lis,lv-22,,4.284,-9.825,15.57,0
mesh-668,Generic Models,Cresting_Fluer de Lis,lv-22,,5.059,-9.825,15.57,0
mesh-669,Generic Models,Cresting_Fluer de Lis,lv-22,,5.834,-9.825,15.57,0
mesh-670,Generic Models,Cresting_Fluer de Lis,lv-22,,6.608,-9.825,15.57,0
mesh-671,Generic Models,Cresting_Fluer de Lis,lv-22,,17.408,-9.201,15.57,7.5
mesh-672,Generic Models,Cresting_Fluer de Lis,lv-22,,18.176,-9.1,15.57,7.5
mesh-673,Generic Models,Cresting_Fluer de Lis,lv-22,,18.944,-8.999,15.57,7.5
mesh-674,Generic Models,Cresting_Fluer de Lis,lv-22,,19.712,-8.898,15.57,7.5
mesh-675,Generic Models,Cresting_Fluer de Lis,lv-22,,20.48,-8.797,15.57,7.5
mesh-676,Generic Models,Cresting_Fluer de Lis,lv-22,,21.248,-8.696,15.57,7.5
mesh-677,Generic Models,Block 37_Corbel,lv-17,,-15.011,-8.74,13.614,180
mesh-678,Generic Models,Block 37_Corbel,lv-17,,-14.605,-8.74,13.614,180
mesh-679,Generic Models,Block 37_Corbel,lv-17,,-14.199,-8.74,13.614,180
mesh-680,Generic Models,Block 37_Corbel,lv-17,,-13.792,-8.74,13.614,180
mesh-681,Generic Models,Block 37_Corbel,lv-17,,-13.386,-8.74,13.614,180
mesh-682,Generic Models,Block 37_Corbel,lv-17,,-12.979,-8.74,13.614,180
mesh-683,Generic Models,Block 37_Corbel,lv-17,,-12.573,-8.74,13.614,180
mesh-684,Generic Models,Block 37_Corbel,lv-17,,-12.167,-8.74,13.614,180
mesh-685,Generic Models,Block 37_Corbel,lv-17,,-11.76,-8.74,13.614,180
mesh-686,Generic Models,Block 37_Corbel,lv-17,,-11.354,-8.74,13.614,180
mesh-687,Generic Models,Block 37_Corbel,lv-17,,-10.947,-8.74,13.614,180
mesh-688,Generic Models,Block 37_Corbel,lv-17,,-10.541,-8.74,13.614,180
mesh-689,Generic Models,Block 37_Corbel,lv-17,,-10.135,-8.74,13.614,180
mesh-690,Generic Models,Block 37_Corbel,lv-17,,-9.728,-8.74,13.614,180
mesh-691,Generic Models,Block 37_Corbel,lv-17,,-9.322,-8.74,13.614,180
mesh-692,Generic Models,Block 37_Corbel,lv-17,,-8.915,-8.74,13.614,180
mesh-693,Generic Models,Block 37_Corbel,lv-17,,-8.509,-8.74,13.614,180
mesh-694,Generic Models,Block 37_Corbel,lv-17,,-8.103,-8.74,13.614,180
mesh-695,Generic Models,Block 37_Corbel,lv-17,,-7.696,-8.74,13.614,180
mesh-696,Generic Models,Block 37_Corbel,lv-17,,-7.29,-8.74,13.614,180
mesh-697,Generic Models,Block 37_Corbel,lv-17,,-6.883,-8.74,13.614,180
mesh-698,Generic Models,Block 37_Corbel,lv-17,,-6.477,-8.74,13.614,180
mesh-699,Generic Models,Block 39 Wall Corner Detail,lv-17,,-6.325,-9.35,10.02,180
mesh-700,Generic Models,Block 39 Wall Corner Detail,lv-17,,1.245,-9.35,10.02,360
mesh-701,Generic Models,Block 39_Elliptical Arch,lv-7,,-2.535,-9.502,8.026,90
mesh-702,Generic Models,Standard,lv-7,,-4.274,-9.502,8.218,180
mesh-703,Generic Models,Standard,lv-7,,-4.029,-9.502,8.522,180
mesh-704,Generic Models,Standard,lv-7,,-3.69,-9.502,8.722,180
mesh-705,Generic Models,Standard,lv-7,,-3.316,-9.502,8.848,180
mesh-706,Generic Models,Standard,lv-7,,-2.929,-9.502,8.918,180
mesh-707,Generic Models,Standard,lv-7,,-2.142,-9.502,8.918,180
mesh-708,Generic Models,Standard,lv-7,,-1.754,-9.502,8.848,180
mesh-709,Generic Models,Standard,lv-7,,-1.38,-9.502,8.722,180
mesh-710,Generic Models,Standard,lv-7,,-1.041,-9.502,8.522,180
mesh-711,Generic Models,Standard,lv-7,,-0.797,-9.502,8.218,180
mesh-712,Generic Models,Keystone,lv-7,,-2.535,-9.502,8.941,180
mesh-713,Generic Models,Picture Frame,lv-15,,-5.334,-9.197,8.839,180
mesh-714,Generic Models,Picture Frame,lv-15,,0.254,-9.197,8.839,180
mesh-715,Generic Models,Picture Frame,lv-19,,-5.207,-9.121,15.9,180
mesh-716,Generic Models,Picture Frame,lv-19,,-3.886,-9.121,15.9,180
mesh-717,Generic Models,Picture Frame,lv-19,,-1.194,-9.121,15.9,180
mesh-718,Generic Models,Picture Frame,lv-19,,0.127,-9.121,15.9,180
mesh-719,Generic Models,Block 39_Corbel,lv-17,,-5.791,-9.35,13.564,180
mesh-720,Generic Models,Block 39_Corbel,lv-17,,-5.385,-9.35,13.564,180
mesh-721,Generic Models,Block 39_Corbel,lv-17,,-4.978,-9.35,13.564,180
mesh-722,Generic Models,Block 39_Corbel,lv-17,,-4.572,-9.35,13.564,180
mesh-723,Generic Models,Block 39_Corbel,lv-17,,-4.166,-9.35,13.564,180
mesh-724,Generic Models,Block 39_Corbel,lv-17,,-3.759,-9.35,13.564,180
mesh-725,Generic Models,Block 39_Corbel,lv-17,,-3.353,-9.35,13.564,180
mesh-726,Generic Models,Block 39_Corbel,lv-17,,-2.946,-9.35,13.564,180
mesh-727,Generic Models,Block 39_Corbel,lv-17,,-2.54,-9.35,13.564,180
mesh-728,Generic Models,Block 39_Corbel,lv-17,,-2.134,-9.35,13.564,180
mesh-729,Generic Models,Block 39_Corbel,lv-17,,-1.727,-9.35,13.564,180
mesh-730,Generic Models,Block 39_Corbel,lv-17,,-1.321,-9.35,13.564,180
mesh-731,Generic Models,Block 39_Corbel,lv-17,,-0.914,-9.35,13.564,180
mesh-732,Generic Models,Block 39_Corbel,lv-17,,-0.508,-9.35,13.564,180
mesh-733,Generic Models,Block 39_Corbel,lv-17,,-0.102,-9.35,13.564,180
mesh-734,Generic Models,Block 39_Corbel,lv-17,,0.305,-9.35,13.564,180
mesh-735,Generic Models,Block 39_Corbel_Corner,lv-17,,-6.172,-9.35,13.564,180
mesh-736,Generic Models,Block 39_Corbel_Corner,lv-17,,1.092,-9.35,13.564,360
mesh-737,Generic Models,Block 39_Attic Wall Medallion,lv-20,,-2.591,-9.375,14.681,180
mesh-738,Generic Models,Arch w Sheild,,,-2.535,-9.197,7.315,270
mesh-739,Generic Models,Rope Molding,,,-2.54,-9.502,9.449,0
mesh-740,Generic Models,LB_Key Pattern,,,-2.565,-9.197,9.874,0
mesh-741,Generic Models,Key Ends,,,-6.401,-9.578,9.874,240
mesh-742,Generic Models,Key,,,-6.401,-9.274,9.874,120
mesh-743,Generic Models,Key Ends,,,-6.401,-8.893,9.874,120
mesh-744,Generic Models,Stone,lv-12,,-5.283,-9.401,6.96,90
mesh-745,Generic Models,Stone,lv-12,,0.203,-9.401,6.96,90
mesh-746,Generic Models,Block 39 Wall Simple Void,lv-15,,-6.325,-9.35,7.874,180
mesh-747,Generic Models,Block 39_Corbel,lv-17,,0.711,-9.35,13.564,180
mesh-748,Generic Models,LB_Dentils Block 43,,,7.045,-9.566,14.58,0
mesh-749,Generic Models,LB_Dentils Block 43,,,17.005,-8.983,14.58,0
