id,number,base_offset,start_z,end_z,shape,size_x,size_y,material
bm-1,,0,-1.803,-1.803,,0.61,0.61,"Concrete, Cast-in-Place gray"
bm-2,,0,-1.803,-1.803,,0.61,0.61,"Concrete, Cast-in-Place gray"
bm-3,,0,-1.054,-1.054,,0.61,0.61,"Concrete, Cast-in-Place gray"
bm-4,,0,-1.054,-1.054,,0.61,0.61,"Concrete, Cast-in-Place gray"
bm-5,,0,0,0,,0.61,0.61,"Concrete, Cast-in-Place gray"
bm-6,,0,-1.803,-1.803,,0.61,0.61,"Concrete, Cast-in-Place gray"
bm-7,,0,-1.803,-1.803,,0.61,0.762,"Concrete, Cast-in-Place gray"
bm-8,,0,-1.803,-1.803,,0.61,0.762,"Concrete, Cast-in-Place gray"
bm-9,,0,-1.803,-1.803,,0.61,0.762,"Concrete, Cast-in-Place gray"
bm-10,,0,-1.803,-1.803,,0.61,0.762,"Concrete, Cast-in-Place gray"
bm-11,,0,-1.803,-1.803,,0.61,0.762,"Concrete, Cast-in-Place gray"
bm-12,,0,-1.803,-1.803,,0.457,0.61,"Concrete, Cast-in-Place gray"
bm-13,,0,-1.054,-1.054,,0.61,1.003,"Concrete, Cast-in-Place gray"
bm-14,,0,-1.054,-1.054,,0.61,1.003,"Concrete, Cast-in-Place gray"
bm-15,,0,-1.054,-1.054,,0.61,0.762,"Concrete, Cast-in-Place gray"
bm-16,,0,-1.054,-1.054,,0.61,0.762,"Concrete, Cast-in-Place gray"
bm-17,,0,-1.054,-1.054,,0.61,0.762,"Concrete, Cast-in-Place gray"
bm-18,,0,-1.054,-1.054,,0.61,0.762,"Concrete, Cast-in-Place gray"
bm-19,,0,-1.054,-1.054,,0.61,0.762,"Concrete, Cast-in-Place gray"
bm-20,,0,-1.054,-1.054,,0.61,0.762,"Concrete, Cast-in-Place gray"
bm-21,,0,-1.054,-1.054,,0.61,0.762,"Concrete, Cast-in-Place gray"
bm-22,,0,-1.054,-1.054,,0.61,0.762,"Concrete, Cast-in-Place gray"
bm-23,,0,-1.054,-1.054,,0.61,0.762,"Concrete, Cast-in-Place gray"
bm-24,,0,0,0,,0.61,1.308,"Concrete, Cast-in-Place gray"
bm-25,,0,0,0,,0.61,1.308,"Concrete, Cast-in-Place gray"
bm-26,,0,-1.054,-1.054,,0.61,0.61,"Concrete, Cast-in-Place gray"
bm-27,,0,-1.803,-1.803,,0.61,0.61,"Concrete, Cast-in-Place gray"
bm-28,,0,-1.054,-1.054,,0.61,0.61,"Concrete, Cast-in-Place gray"
bm-29,,0,-1.803,-1.803,,0.61,0.61,"Concrete, Cast-in-Place gray"
bm-30,,0,-1.803,-1.803,,0.61,0.61,"Concrete, Cast-in-Place gray"
bm-31,,0,-1.054,-1.054,,0.61,0.61,"Concrete, Cast-in-Place gray"
bm-32,,0,-1.054,-1.054,,0.61,0.61,"Concrete, Cast-in-Place gray"
bm-33,,0,-1.054,-1.054,,0.61,0.61,"Concrete, Cast-in-Place gray"
bm-34,,0,-1.054,-1.054,,0.61,0.61,"Concrete, Cast-in-Place gray"
bm-35,,0,-0,-0,,0.61,0.61,"Concrete, Cast-in-Place gray"
bm-36,,0,2.311,2.311,,0.191,0.46,Steel
bm-37,,0,2.311,2.311,,0.191,0.46,Steel
bm-38,,0,2.311,2.311,,,0.406,Steel
bm-39,,0,2.311,2.311,,,0.406,Steel
bm-40,,0,2.311,2.311,,,0.406,Steel
bm-41,,0,2.311,2.311,,,0.406,Steel
bm-42,,0,2.311,2.311,,,0.406,Steel
bm-43,,0,2.311,2.311,,0.191,0.46,Steel
bm-44,,0,2.311,2.311,,0.191,0.46,Steel
bm-45,,0,1.524,1.524,,0.191,0.46,Steel
bm-46,,0,1.524,1.524,,0.191,0.46,Steel
bm-47,,0,1.524,1.524,,0.191,0.46,Steel
bm-48,,0,2.311,2.311,,0.191,0.46,Steel
bm-49,,0,2.311,2.311,,0.191,0.46,Steel
bm-50,,0,2.311,2.311,,0.191,0.46,Steel
bm-51,,0,2.311,2.311,,0.191,0.46,Steel
bm-52,,0,2.311,2.311,,0.191,0.46,Steel
bm-53,,0,2.311,2.311,,0.191,0.46,Steel
bm-54,,0,1.524,1.524,,0.191,0.46,Steel
bm-55,,0,1.524,1.524,,0.191,0.46,Steel
bm-56,,0,2.311,2.311,,0.191,0.46,Steel
bm-57,,0,2.311,2.311,,0.191,0.46,Steel
bm-58,,0,2.311,2.311,,0.191,0.46,Steel
bm-59,,0,2.311,2.311,,0.191,0.46,Steel
bm-60,,0,2.311,2.311,,,0.406,Steel
bm-61,,0,2.311,2.311,,,0.406,Steel
bm-62,,0,2.311,2.311,,,0.406,Steel
bm-63,,0,2.311,2.311,,,0.406,Steel
bm-64,,0,2.311,2.311,,0.191,0.46,Steel
bm-65,,0,2.311,2.311,,0.191,0.46,Steel
bm-66,,0,2.311,2.311,,0.191,0.46,Steel
bm-67,,0,2.311,2.311,,0.1,0.2,Steel
bm-68,,0,2.311,2.311,,0.1,0.2,Steel
bm-69,,0,5.588,5.588,,0.191,0.46,Steel
bm-70,,0,5.588,5.588,,0.191,0.46,Steel
bm-71,,0,5.588,5.588,,0.191,0.46,Steel
bm-72,,0,5.588,5.588,,0.191,0.46,Steel
bm-73,,0,5.588,5.588,,0.191,0.46,Steel
bm-74,,0,5.588,5.588,,0.191,0.46,Steel
bm-75,,0,5.588,5.588,,0.191,0.46,Steel
bm-76,,0,5.588,5.588,,0.191,0.46,Steel
bm-77,,0,5.588,5.588,,0.191,0.46,Steel
bm-78,,0,5.588,5.588,,0.191,0.46,Steel
bm-79,,0,5.588,5.588,,0.282,0.467,Steel
bm-80,,0,5.588,5.588,,0.191,0.46,Steel
bm-81,,0,5.588,5.588,,0.191,0.46,Steel
bm-82,,0,5.588,5.588,,0.191,0.46,Steel
bm-83,,0,5.588,5.588,,0.191,0.46,Steel
bm-84,,0,5.588,5.588,,0.191,0.46,Steel
bm-85,,0,5.588,5.588,,0.191,0.46,Steel
bm-86,,0,5.588,5.588,,0.191,0.46,Steel
bm-87,,0,5.588,5.588,,0.191,0.46,Steel
bm-88,,0,5.588,5.588,,0.191,0.46,Steel
bm-89,,0,5.588,5.588,,0.191,0.46,Steel
bm-90,,0,5.588,5.588,,0.191,0.46,Steel
bm-91,,0,5.588,5.588,,0.191,0.46,Steel
bm-92,,0,5.588,5.588,,0.191,0.46,Steel
bm-93,,0,5.588,5.588,,0.191,0.46,Steel
bm-94,,0,5.588,5.588,,0.191,0.46,Steel
bm-95,,0,5.588,5.588,,0.191,0.46,Steel
bm-96,,0,5.588,5.588,,0.191,0.46,Steel
bm-97,,0,5.588,5.588,,0.191,0.46,Steel
bm-98,,0,5.588,5.588,,0.191,0.46,Steel
bm-99,,0,5.588,5.588,,0.191,0.46,Steel
bm-100,,0,5.588,5.588,,0.191,0.46,Steel
bm-101,,0,5.588,5.588,,0.191,0.46,Steel
bm-102,,0,5.588,5.588,,0.191,0.46,Steel
bm-103,,0,5.588,5.588,,0.191,0.46,Steel
bm-104,,0,5.588,5.588,,,0.406,Steel
bm-105,,0,5.588,5.588,,,0.406,Steel
bm-106,,0,5.588,5.588,,,0.406,Steel
bm-107,,0,5.588,5.588,,,0.406,Steel
bm-108,,0,5.588,5.588,,,0.406,Steel
bm-109,,0,5.588,5.588,,,0.406,Steel
bm-110,,0,5.588,5.588,,,0.406,Steel
bm-111,,0,5.588,5.588,,,0.406,Steel
bm-112,,0,5.588,5.588,,,0.406,Steel
bm-113,,0,5.588,5.588,,,0.406,Steel
bm-114,,0,5.588,5.588,,,0.406,Steel
bm-115,,0,5.588,5.588,,,0.406,Steel
bm-116,,0,5.588,5.588,,,0.406,Steel
bm-117,,0,5.588,5.588,,,0.406,Steel
bm-118,,0,5.588,5.588,,,0.406,Steel
bm-119,,0,5.588,5.588,,,0.406,Steel
bm-120,,0,5.588,5.588,,,0.406,Steel
bm-121,,0,5.588,5.588,,,0.406,Steel
bm-122,,0,5.588,5.588,,,0.406,Steel
bm-123,,0,5.588,5.588,,,0.406,Steel
bm-124,,0,5.588,5.588,,,0.406,Steel
bm-125,,0,5.588,5.588,,,0.406,Steel
bm-126,,0,5.588,5.588,,,0.406,Steel
bm-127,,0,5.588,5.588,,,0.406,Steel
bm-128,,0,5.588,5.588,,,0.406,Steel
bm-129,,0,5.588,5.588,,,0.406,Steel
bm-130,,0,5.588,5.588,,,0.406,Steel
bm-131,,0,5.588,5.588,,,0.406,Steel
bm-132,,0,5.588,5.588,,,0.406,Steel
bm-133,,0,5.588,5.588,,,0.406,Steel
bm-134,,0,5.588,5.588,,,0.406,Steel
bm-135,,0,5.588,5.588,,,0.406,Steel
bm-136,,0,1.524,1.524,,0.191,0.46,Steel
bm-137,,0,5.588,5.588,,0.191,0.46,Steel
bm-138,,0,5.588,5.588,,0.191,0.46,Steel
bm-139,,0,5.588,5.588,,0.191,0.46,Steel
bm-140,,0,5.588,5.588,,,0.406,Steel
bm-141,,0,5.588,5.588,,,0.406,Steel
bm-142,,0,5.588,5.588,,,0.406,Steel
bm-143,,0,5.588,5.588,,,0.406,Steel
bm-144,,0,5.588,5.588,,,0.406,Steel
bm-145,,0,5.588,5.588,,,0.406,Steel
bm-146,,0,5.588,5.588,,,0.406,Steel
bm-147,,0,5.588,5.588,,,0.406,Steel
bm-148,,0,5.588,5.588,,,0.406,Steel
bm-149,,0,5.588,5.588,,,0.406,Steel
bm-150,,0,5.588,5.588,,,0.406,Steel
bm-151,,0,5.588,5.588,,,0.406,Steel
bm-152,,0,5.588,5.588,,,0.406,Steel
bm-153,,0,5.588,5.588,,0.191,0.46,Steel
bm-154,,0,5.588,5.588,,0.307,0.942,Steel
bm-155,,0,2.311,2.311,,0.076,0.089,Steel
bm-156,,0,2.311,2.311,,0.1,0.2,Steel
bm-157,,0,5.588,5.588,,0.282,0.467,Steel
bm-158,,0,5.588,5.588,,0.282,0.467,Steel
bm-159,,0,5.588,5.588,,0.282,0.467,Steel
bm-160,,0,5.588,5.588,,0.282,0.467,Steel
bm-161,,0,5.588,5.588,,0.191,0.46,Steel
bm-162,,0,5.588,5.588,,0.1,0.2,Steel
bm-163,,0,5.588,5.588,,0.282,0.467,Steel
bm-164,,0,5.588,5.588,,0.1,0.2,Steel
bm-165,,0,5.588,5.588,,0.1,0.2,Steel
bm-166,,0,5.588,5.588,,0.1,0.2,Steel
bm-167,,0,5.588,5.588,,0.1,0.2,Steel
bm-168,,0,5.588,5.588,,0.1,0.2,Steel
bm-169,,0,5.588,5.588,,0.1,0.2,Steel
bm-170,,0,5.588,5.588,,0.282,0.467,Steel
bm-171,,0,5.588,5.588,,0.282,0.467,Steel
bm-172,,0,5.588,5.588,,0.282,0.467,Steel
bm-173,,0,5.588,5.588,,0.1,0.2,Steel
bm-174,,0,5.588,5.588,,0.1,0.2,Steel
bm-175,,0,5.588,5.588,,0.1,0.2,Steel
bm-176,,0,5.588,5.588,,0.1,0.2,Steel
bm-177,,0,5.588,5.588,,0.1,0.2,Steel
bm-178,,0,5.588,5.588,,0.1,0.2,Steel
bm-179,,0,5.588,5.588,,0.282,0.467,Steel
bm-180,,0,5.588,5.588,,0.282,0.467,Steel
bm-181,,0,5.588,5.588,,0.282,0.467,Steel
bm-182,,0,5.588,5.588,,0.1,0.2,Steel
bm-183,,0,5.588,5.588,,0.1,0.2,Steel
bm-184,,0,5.588,5.588,,0.1,0.2,Steel
bm-185,,0,1.524,1.524,,0.191,0.46,Steel
bm-186,,0,1.524,1.524,,,0.457,Steel
bm-187,,0,1.524,1.524,,,0.457,Steel
bm-188,,0,1.524,1.524,,,0.457,Steel
bm-189,,0,1.524,1.524,,,0.457,Steel
bm-190,,0,1.524,1.524,,,0.457,Steel
bm-191,,0,1.524,1.524,,,0.457,Steel
bm-192,,0,1.524,1.524,,,0.457,Steel
bm-193,,0,1.524,1.524,,,0.457,Steel
bm-194,,0,5.588,5.588,,0.191,0.46,Steel
bm-195,,0,5.588,5.588,,0.191,0.46,Steel
bm-196,,0,5.588,5.588,,0.282,0.467,Steel
bm-197,,0,5.588,5.588,,0.191,0.46,Steel
bm-198,,0,5.588,5.588,,0.191,0.46,Steel
bm-199,,0,5.588,5.588,,0.191,0.46,Steel
bm-200,,0,5.588,5.588,,0.191,0.46,Steel
bm-201,,0,5.588,5.588,,0.191,0.46,Steel
bm-202,,0,1.524,1.524,,0.191,0.46,Steel
bm-203,,0,1.524,1.524,,0.191,0.46,Steel
bm-204,,0,1.524,1.524,,0.191,0.46,Steel
bm-205,,0,5.588,5.588,,0.1,0.2,Steel
bm-206,,0,5.588,5.588,,0.1,0.2,Steel
bm-207,,0,5.588,5.588,,0.1,0.2,Steel
bm-208,,0,5.588,5.588,,0.1,0.2,Steel
bm-209,,0,5.588,5.588,,0.1,0.2,Steel
bm-210,,0,5.588,5.588,,0.1,0.2,Steel
bm-211,,0,5.588,5.588,,0.1,0.2,Steel
bm-212,,0,5.588,5.588,,0.191,0.46,Steel
bm-213,,0,5.588,5.588,,0.1,0.2,Steel
bm-214,,0,5.588,5.588,,0.1,0.2,Steel
bm-215,,0,5.588,5.588,,0.1,0.2,Steel
bm-216,,0,5.588,5.588,,0.1,0.2,Steel
bm-217,,0,5.588,5.588,,0.1,0.2,Steel
bm-218,,0,5.588,5.588,,0.1,0.2,Steel
bm-219,,0,5.588,5.588,,0.057,0.203,Steel
bm-220,,0,,,,0.057,0.203,Steel
bm-221,,0,5.588,5.588,,0.057,0.203,Steel
bm-222,,0,17.78,17.78,,0.191,0.46,Steel
bm-223,,0,17.78,17.78,,0.191,0.46,Steel
bm-224,,0,17.78,17.78,,0.191,0.46,Steel
bm-225,,0,17.78,17.78,,0.191,0.46,Steel
bm-226,,0,17.78,17.78,,0.191,0.46,Steel
bm-227,,0,17.78,17.78,,0.191,0.46,Steel
bm-228,,0,17.78,17.78,,0.191,0.46,Steel
bm-229,,0,17.78,17.78,,0.191,0.46,Steel
bm-230,,0,17.78,17.78,,0.191,0.46,Steel
bm-231,,0,17.78,17.78,,0.191,0.46,Steel
bm-232,,0,17.78,17.78,,0.191,0.46,Steel
bm-233,,0,17.78,17.78,,0.191,0.46,Steel
bm-234,,0,17.78,17.78,,0.191,0.46,Steel
bm-235,,0,17.78,17.78,,0.282,0.467,Steel
bm-236,,0,17.78,17.78,,0.282,0.467,Steel
bm-237,,0,17.78,17.78,,0.282,0.467,Steel
bm-238,,0,17.78,17.78,,0.191,0.46,Steel
bm-239,,0,17.78,17.78,,0.384,0.795,Steel
bm-240,,0,17.78,17.78,,0.165,0.31,Steel
bm-241,,0,17.78,17.78,,0.165,0.31,Steel
bm-242,,0,17.78,17.78,,0.191,0.46,Steel
bm-243,,0,17.78,17.78,,0.165,0.31,Steel
bm-244,,0,17.78,17.78,,0.1,0.2,Steel
bm-245,,0,17.78,17.78,,0.1,0.2,Steel
bm-246,,0,17.78,17.78,,0.1,0.2,Steel
bm-247,,0,17.78,17.78,,0.191,0.46,Steel
bm-248,,0,17.78,17.78,,0.165,0.31,Steel
bm-249,,0,17.78,17.78,,0.165,0.31,Steel
bm-250,,0,17.78,17.78,,0.165,0.31,Steel
bm-251,,0,17.78,17.78,,0.165,0.31,Steel
bm-252,,0,17.78,17.78,,0.165,0.31,Steel
bm-253,,0,17.78,17.78,,0.165,0.31,Steel
bm-254,,0,17.78,17.78,,0.165,0.31,Steel
bm-255,,0,17.78,17.78,,0.165,0.31,Steel
bm-256,,0,17.78,17.78,,0.165,0.31,Steel
bm-257,,0,17.78,17.78,,0.1,0.2,Steel
bm-258,,0,17.78,17.78,,0.1,0.2,Steel
bm-259,,0,17.78,17.78,,0.1,0.2,Steel
bm-260,,0,17.78,17.78,,0.191,0.46,Steel
bm-261,,0,17.78,17.78,,0.191,0.46,Steel
bm-262,,0,17.78,17.78,,0.165,0.31,Steel
bm-263,,0,17.78,17.78,,0.165,0.31,Steel
bm-264,,0,17.78,17.78,,0.165,0.31,Steel
bm-265,,0,17.78,17.78,,0.1,0.2,Steel
bm-266,,0,17.78,17.78,,0.1,0.2,Steel
bm-267,,0,17.78,17.78,,0.1,0.2,Steel
bm-268,,0,17.78,17.78,,0.165,0.31,Steel
bm-269,,0,17.78,17.78,,0.165,0.31,Steel
bm-270,,0,17.78,17.78,,0.165,0.31,Steel
bm-271,,0,17.78,17.78,,0.165,0.31,Steel
bm-272,,0,17.78,17.78,,0.1,0.2,Steel
bm-273,,0,17.78,17.78,,0.1,0.2,Steel
bm-274,,0,17.78,17.78,,0.191,0.46,Steel
bm-275,,0,17.78,17.78,,0.191,0.46,Steel
bm-276,,0,17.78,17.78,,0.191,0.46,Steel
bm-277,,0,17.78,17.78,,0.191,0.46,Steel
bm-278,,0,17.78,17.78,,0.165,0.31,Steel
bm-279,,0,17.78,17.78,,0.165,0.31,Steel
bm-280,,0,17.78,17.78,,0.191,0.46,Steel
bm-281,,0,17.78,17.78,,0.1,0.2,Steel
bm-282,,0,17.78,17.78,,0.1,0.2,Steel
bm-283,,0,17.78,17.78,,0.1,0.2,Steel
bm-284,,0,17.78,17.78,,0.165,0.31,Steel
bm-285,,0,17.78,17.78,,0.191,0.46,Steel
bm-286,,0,17.78,17.78,,0.191,0.46,Steel
bm-287,,0,17.78,17.78,,0.191,0.46,Steel
bm-288,,0,17.78,17.78,,0.191,0.46,Steel
bm-289,,0,17.78,17.78,,,0.508,Steel
bm-290,,0,17.78,17.78,,,0.508,Steel
bm-291,,0,17.78,17.78,,,0.508,Steel
bm-292,,0,17.78,17.78,,,0.508,Steel
bm-293,,0,17.78,17.78,,,0.508,Steel
bm-294,,0,17.78,17.78,,,0.508,Steel
bm-295,,0,17.78,17.78,,,0.508,Steel
bm-296,,0,17.78,17.78,,,0.508,Steel
bm-297,,0,17.78,17.78,,,0.508,Steel
bm-298,,0,17.78,17.78,,,0.508,Steel
bm-299,,0,17.78,17.78,,0.191,0.46,Steel
bm-300,,0,17.78,17.78,,0.191,0.46,Steel
bm-301,,0,17.78,17.78,,0.191,0.46,Steel
bm-302,,0,17.78,17.78,,,0.508,Steel
bm-303,,0,17.78,17.78,,,0.508,Steel
bm-304,,0,17.78,17.78,,,0.508,Steel
bm-305,,0,17.78,17.78,,,0.508,Steel
bm-306,,0,17.78,17.78,,,0.508,Steel
bm-307,,0,17.78,17.78,,,0.508,Steel
bm-308,,0,17.78,17.78,,,0.508,Steel
bm-309,,0,5.588,5.588,,,0.406,Steel
bm-310,,0,5.588,5.588,,,0.406,Steel
bm-311,,0,5.588,5.588,,,0.406,Steel
bm-312,,0,5.588,5.588,,,0.406,Steel
bm-313,,0,5.588,5.588,,,0.406,Steel
bm-314,,0,5.588,5.588,,,0.406,Steel
bm-315,,0,5.588,5.588,,,0.406,Steel
bm-316,,0,5.588,5.588,,,0.406,Steel
bm-317,,0,5.588,5.588,,,0.406,Steel
bm-318,,0,5.588,5.588,,,0.406,Steel
bm-319,,0,5.588,5.588,,,0.406,Steel
bm-320,,0,5.588,5.588,,,0.406,Steel
bm-321,,0,5.588,5.588,,,0.406,Steel
bm-322,,0,5.588,5.588,,,0.406,Steel
bm-323,,0,5.588,5.588,,,0.406,Steel
bm-324,,0,17.78,17.78,,0.191,0.46,Steel
bm-325,,0,17.78,17.78,,0.191,0.46,Steel
bm-326,,0,17.78,17.78,,,0.406,Steel
bm-327,,0,17.78,17.78,,,0.406,Steel
bm-328,,0,17.78,17.78,,,0.406,Steel
bm-329,,0,17.78,17.78,,,0.406,Steel
bm-330,,0,17.78,17.78,,,0.406,Steel
bm-331,,0,17.78,17.78,,,0.406,Steel
bm-332,,0,17.78,17.78,,,0.406,Steel
bm-333,,0,17.78,17.78,,,0.406,Steel
bm-334,,0,17.78,17.78,,,0.406,Steel
bm-335,,0,17.78,17.78,,,0.406,Steel
bm-336,,0,17.78,17.78,,,0.406,Steel
bm-337,,0,17.78,17.78,,,0.406,Steel
bm-338,,0,17.78,17.78,,,0.406,Steel
bm-339,,0,17.78,17.78,,,0.406,Steel
bm-340,,0,17.78,17.78,,,0.406,Steel
bm-341,,0,17.78,17.78,,,0.406,Steel
bm-342,,0,17.78,17.78,,,0.406,Steel
bm-343,,0,17.78,17.78,,,0.406,Steel
bm-344,,0,17.78,17.78,,,0.406,Steel
bm-345,,0,17.78,17.78,,,0.406,Steel
bm-346,,0,17.78,17.78,,,0.406,Steel
bm-347,,0,17.78,17.78,,,0.406,Steel
bm-348,,0,17.78,17.78,,,0.406,Steel
bm-349,,0,17.78,17.78,,,0.406,Steel
bm-350,,0,17.78,17.78,,,0.406,Steel
bm-351,,0,17.78,17.78,,,0.406,Steel
bm-352,,0,17.78,17.78,,,0.406,Steel
bm-353,,0,17.78,17.78,,,0.406,Steel
bm-354,,0,17.78,17.78,,,0.406,Steel
bm-355,,0,17.78,17.78,,,0.406,Steel
bm-356,,0,17.78,17.78,,,0.406,Steel
bm-357,,0,17.78,17.78,,,0.406,Steel
bm-358,,0,17.78,17.78,,,0.406,Steel
bm-359,,0,17.78,17.78,,,0.406,Steel
bm-360,,0,17.78,17.78,,,0.406,Steel
bm-361,,0,17.78,17.78,,,0.406,Steel
bm-362,,0,17.78,17.78,,,0.406,Steel
bm-363,,0,17.78,17.78,,,0.406,Steel
bm-364,,0,17.78,17.78,,,0.406,Steel
bm-365,,0,17.78,17.78,,,0.406,Steel
bm-366,,0,17.78,17.78,,,0.406,Steel
bm-367,,0,17.78,17.78,,,0.406,Steel
bm-368,,0,17.78,17.78,,,0.406,Steel
bm-369,,0,17.78,17.78,,,0.406,Steel
bm-370,,0,17.78,17.78,,,0.406,Steel
bm-371,,0,17.78,17.78,,,0.406,Steel
bm-372,,0,21.092,20.849,,0.076,0.089,Steel
bm-373,,0,20.849,20.849,,0.076,0.089,Steel
bm-374,,0,20.849,21.092,,0.076,0.089,Steel
bm-375,,0,21.092,21.092,,0.076,0.089,Steel
bm-376,,0,20.89,20.89,,0.1,0.2,Steel
bm-377,,0,20.93,20.93,,0.1,0.2,Steel
bm-378,,0,20.971,20.971,,0.1,0.2,Steel
bm-379,,0,21.011,21.011,,0.1,0.2,Steel
bm-380,,0,21.052,21.052,,0.1,0.2,Steel
bm-381,,0,5.588,5.588,,0.076,0.089,Steel
bm-382,,0,5.588,5.588,,,0.406,Steel
bm-383,,0,5.588,5.588,,,0.406,Steel
bm-384,,0,5.588,5.588,,,0.406,Steel
bm-385,,0,5.588,5.588,,,0.406,Steel
bm-386,,0,5.588,5.588,,,0.406,Steel
bm-387,,0,5.588,5.588,,,0.406,Steel
bm-388,,0,5.588,5.588,,,0.406,Steel
bm-389,,0,17.78,17.78,,0.1,0.2,Steel
bm-390,,0,1.524,1.524,,0.191,0.46,Steel
bm-391,,0,2.311,2.311,,0.191,0.46,Steel
bm-392,,0,2.311,2.311,,0.191,0.46,Steel
bm-393,,0,2.311,2.311,,,0.406,Steel
bm-394,,0,2.311,2.311,,,0.406,Steel
bm-395,,0,2.311,2.311,,,0.406,Steel
bm-396,,0,2.311,2.311,,,0.406,Steel
bm-397,,0,2.311,2.311,,,0.406,Steel
bm-398,,0,2.311,2.311,,,0.406,Steel
bm-399,,0,2.311,2.311,,,0.406,Steel
bm-400,,0,2.311,2.311,,,0.406,Steel
bm-401,,0,2.311,2.311,,,0.406,Steel
bm-402,,0,2.311,2.311,,,0.406,Steel
bm-403,,0,2.311,2.311,,,0.406,Steel
bm-404,,0,2.311,2.311,,,0.406,Steel
bm-405,,0,2.311,2.311,,,0.406,Steel
bm-406,,0,2.311,2.311,,,0.406,Steel
bm-407,,0,2.311,2.311,,0.282,0.467,Steel
bm-408,,0,2.311,2.311,,0.191,0.46,Steel
bm-409,,0,2.311,2.311,,0.191,0.46,Steel
bm-410,,0,2.311,2.311,,0.191,0.46,Steel
bm-411,,0,2.311,2.311,,0.1,0.2,Steel
bm-412,,0,2.311,2.311,,,0.406,Steel
bm-413,,0,2.311,2.311,,,0.406,Steel
bm-414,,0,2.311,2.311,,,0.406,Steel
bm-415,,0,2.311,2.311,,,0.406,Steel
bm-416,,0,2.311,2.311,,,0.406,Steel
bm-417,,0,2.311,2.311,,,0.406,Steel
bm-418,,0,2.311,2.311,,,0.406,Steel
bm-419,,0,2.311,2.311,,,0.406,Steel
bm-420,,0,2.311,2.311,,,0.406,Steel
bm-421,,0,2.311,2.311,,,0.406,Steel
bm-422,,0,2.311,2.311,,,0.406,Steel
bm-423,,0,2.311,2.311,,,0.406,Steel
bm-424,,0,2.311,2.311,,,0.406,Steel
bm-425,,0,2.311,2.311,,,0.406,Steel
bm-426,,0,2.311,2.311,,,0.406,Steel
bm-427,,0,2.311,2.311,,,0.406,Steel
bm-428,,0,2.311,2.311,,,0.406,Steel
bm-429,,0,2.311,2.311,,,0.406,Steel
bm-430,,0,2.311,2.311,,,0.406,Steel
bm-431,,0,2.311,2.311,,,0.406,Steel
bm-432,,0,2.311,2.311,,,0.406,Steel
bm-433,,0,2.311,2.311,,,0.406,Steel
bm-434,,0,2.311,2.311,,,0.406,Steel
bm-435,,0,2.311,2.311,,,0.406,Steel
bm-436,,0,2.311,2.311,,,0.406,Steel
bm-437,,0,2.311,2.311,,,0.406,Steel
bm-438,,0,2.311,2.311,,,0.406,Steel
bm-439,,0,2.311,2.311,,,0.406,Steel
bm-440,,0,2.311,2.311,,,0.406,Steel
bm-441,,0,2.311,2.311,,,0.406,Steel
bm-442,,0,2.311,2.311,,,0.406,Steel
bm-443,,0,2.311,2.311,,,0.406,Steel
bm-444,,0,13.716,13.716,,0.191,0.46,Steel
bm-445,,0,13.716,13.716,,0.191,0.46,Steel
bm-446,,0,13.716,13.716,,0.191,0.46,Steel
bm-447,,0,13.716,13.716,,0.191,0.46,Steel
bm-448,,0,13.716,13.716,,0.165,0.31,Steel
bm-449,,0,13.716,13.716,,0.165,0.31,Steel
bm-450,,0,13.716,13.716,,0.165,0.31,Steel
bm-451,,0,13.716,13.716,,0.165,0.31,Steel
bm-452,,0,13.716,13.716,,0.165,0.31,Steel
bm-453,,0,5.588,5.588,,,0.406,Steel
bm-454,,0,5.588,5.588,,,0.406,Steel
bm-455,,0,5.588,5.588,,,0.406,Steel
bm-456,,0,5.588,5.588,,,0.406,Steel
bm-457,,0,5.588,5.588,,,0.406,Steel
bm-458,,0,5.588,5.588,,,0.406,Steel
bm-459,,0,5.588,5.588,,,0.406,Steel
bm-460,,0,5.588,5.588,,,0.406,Steel
bm-461,,0,5.588,5.588,,,0.406,Steel
bm-462,,0,5.588,5.588,,,0.406,Steel
bm-463,,0,5.588,5.588,,,0.406,Steel
bm-464,,0,5.588,5.588,,,0.406,Steel
bm-465,,0,5.588,5.588,,,0.406,Steel
bm-466,,0,5.588,5.588,,,0.406,Steel
bm-467,,0,5.588,5.588,,,0.406,Steel
bm-468,,0,5.588,5.588,,,0.406,Steel
bm-469,,0,5.588,5.588,,,0.406,Steel
bm-470,,0,5.588,5.588,,,0.406,Steel
bm-471,,0,5.588,5.588,,,0.406,Steel
bm-472,,0,5.588,5.588,,,0.406,Steel
bm-473,,0,5.588,5.588,,,0.406,Steel
bm-474,,0,17.78,17.78,,0.165,0.31,Steel
bm-475,,0,17.78,17.78,,,0.508,Steel
bm-476,,0,17.78,17.78,,,0.508,Steel
bm-477,,0,17.78,17.78,,,0.508,Steel
bm-478,,0,17.78,17.78,,,0.508,Steel
bm-479,,0,17.78,17.78,,,0.508,Steel
bm-480,,0,17.78,17.78,,,0.508,Steel
bm-481,,0,17.78,17.78,,,0.508,Steel
bm-482,,0,17.78,17.78,,,0.508,Steel
bm-483,,0,17.78,17.78,,,0.508,Steel
bm-484,,0,17.78,17.78,,,0.508,Steel
bm-485,,0,17.78,17.78,,,0.508,Steel
bm-486,,0,17.78,17.78,,,0.508,Steel
bm-487,,0,17.78,17.78,,,0.508,Steel
bm-488,,0,17.78,17.78,,,0.508,Steel
bm-489,,0,17.78,17.78,,,0.508,Steel
bm-490,,0,21.092,20.849,,0.076,0.089,Steel
bm-491,,0,20.849,20.849,,0.076,0.089,Steel
bm-492,,0,20.849,21.092,,0.076,0.089,Steel
bm-493,,0,21.092,21.092,,0.076,0.089,Steel
bm-494,,0,20.89,20.89,,0.1,0.2,Steel
bm-495,,0,20.93,20.93,,0.1,0.2,Steel
bm-496,,0,20.971,20.971,,0.1,0.2,Steel
bm-497,,0,21.011,21.011,,0.1,0.2,Steel
bm-498,,0,21.052,21.052,,0.1,0.2,Steel
bm-499,,0,21.092,20.866,,0.076,0.089,Steel
bm-500,,0,20.866,20.866,,0.076,0.089,Steel
bm-501,,0,20.866,21.092,,0.076,0.089,Steel
bm-502,,0,21.092,21.092,,0.076,0.089,Steel
bm-503,,0,21.092,21.092,,0.076,0.089,Steel
bm-504,,0,21.092,21.016,,0.076,0.089,Steel
bm-505,,0,21.016,21.016,,0.076,0.089,Steel
bm-506,,0,9.652,9.652,,0.191,0.46,Steel
bm-507,,0,9.652,9.652,,0.191,0.46,Steel
bm-508,,0,9.652,9.652,,0.191,0.46,Steel
bm-509,,0,9.652,9.652,,0.191,0.46,Steel
bm-510,,0,9.652,9.652,,0.191,0.46,Steel
bm-511,,0,9.652,9.652,,0.191,0.46,Steel
bm-512,,0,9.652,9.652,,0.191,0.46,Steel
bm-513,,0,9.652,9.652,,0.191,0.46,Steel
bm-514,,0,9.652,9.652,,0.191,0.46,Steel
bm-515,,0,9.652,9.652,,0.191,0.46,Steel
bm-516,,0,9.652,9.652,,0.282,0.467,Steel
bm-517,,0,9.652,9.652,,0.191,0.46,Steel
bm-518,,0,9.652,9.652,,0.191,0.46,Steel
bm-519,,0,9.652,9.652,,0.191,0.46,Steel
bm-520,,0,9.652,9.652,,0.191,0.46,Steel
bm-521,,0,9.652,9.652,,0.191,0.46,Steel
bm-522,,0,9.652,9.652,,0.191,0.46,Steel
bm-523,,0,9.652,9.652,,0.191,0.46,Steel
bm-524,,0,9.652,9.652,,0.191,0.46,Steel
bm-525,,0,9.652,9.652,,0.191,0.46,Steel
bm-526,,0,9.652,9.652,,0.191,0.46,Steel
bm-527,,0,9.652,9.652,,0.191,0.46,Steel
bm-528,,0,9.652,9.652,,0.191,0.46,Steel
bm-529,,0,9.652,9.652,,0.191,0.46,Steel
bm-530,,0,9.652,9.652,,0.191,0.46,Steel
bm-531,,0,9.652,9.652,,0.191,0.46,Steel
bm-532,,0,9.652,9.652,,0.191,0.46,Steel
bm-533,,0,9.652,9.652,,0.191,0.46,Steel
bm-534,,0,9.652,9.652,,0.191,0.46,Steel
bm-535,,0,9.652,9.652,,0.191,0.46,Steel
bm-536,,0,9.652,9.652,,0.191,0.46,Steel
bm-537,,0,9.652,9.652,,0.191,0.46,Steel
bm-538,,0,9.652,9.652,,0.191,0.46,Steel
bm-539,,0,9.652,9.652,,0.191,0.46,Steel
bm-540,,0,9.652,9.652,,0.191,0.46,Steel
bm-541,,0,9.652,9.652,,,0.406,Steel
bm-542,,0,9.652,9.652,,,0.406,Steel
bm-543,,0,9.652,9.652,,,0.406,Steel
bm-544,,0,9.652,9.652,,,0.406,Steel
bm-545,,0,9.652,9.652,,,0.406,Steel
bm-546,,0,9.652,9.652,,,0.406,Steel
bm-547,,0,9.652,9.652,,,0.406,Steel
bm-548,,0,9.652,9.652,,,0.406,Steel
bm-549,,0,9.652,9.652,,,0.406,Steel
bm-550,,0,9.652,9.652,,,0.406,Steel
bm-551,,0,9.652,9.652,,,0.406,Steel
bm-552,,0,9.652,9.652,,,0.406,Steel
bm-553,,0,9.652,9.652,,,0.406,Steel
bm-554,,0,9.652,9.652,,,0.406,Steel
bm-555,,0,9.652,9.652,,,0.406,Steel
bm-556,,0,9.652,9.652,,,0.406,Steel
bm-557,,0,9.652,9.652,,,0.406,Steel
bm-558,,0,9.652,9.652,,,0.406,Steel
bm-559,,0,9.652,9.652,,,0.406,Steel
bm-560,,0,9.652,9.652,,,0.406,Steel
bm-561,,0,9.652,9.652,,,0.406,Steel
bm-562,,0,9.652,9.652,,,0.406,Steel
bm-563,,0,9.652,9.652,,,0.406,Steel
bm-564,,0,9.652,9.652,,,0.406,Steel
bm-565,,0,9.652,9.652,,,0.406,Steel
bm-566,,0,9.652,9.652,,,0.406,Steel
bm-567,,0,9.652,9.652,,,0.406,Steel
bm-568,,0,9.652,9.652,,,0.406,Steel
bm-569,,0,9.652,9.652,,,0.406,Steel
bm-570,,0,9.652,9.652,,,0.406,Steel
bm-571,,0,9.652,9.652,,,0.406,Steel
bm-572,,0,9.652,9.652,,,0.406,Steel
bm-573,,0,9.652,9.652,,0.191,0.46,Steel
bm-574,,0,9.652,9.652,,0.191,0.46,Steel
bm-575,,0,9.652,9.652,,,0.406,Steel
bm-576,,0,9.652,9.652,,,0.406,Steel
bm-577,,0,9.652,9.652,,,0.406,Steel
bm-578,,0,9.652,9.652,,,0.406,Steel
bm-579,,0,9.652,9.652,,0.191,0.46,Steel
bm-580,,0,9.652,9.652,,0.1,0.2,Steel
bm-581,,0,9.652,9.652,,0.191,0.46,Steel
bm-582,,0,9.652,9.652,,,0.406,Steel
bm-583,,0,9.652,9.652,,,0.406,Steel
bm-584,,0,9.652,9.652,,,0.406,Steel
bm-585,,0,9.652,9.652,,,0.406,Steel
bm-586,,0,9.652,9.652,,,0.406,Steel
bm-587,,0,9.652,9.652,,,0.406,Steel
bm-588,,0,9.652,9.652,,,0.406,Steel
bm-589,,0,9.652,9.652,,,0.406,Steel
bm-590,,0,9.652,9.652,,,0.406,Steel
bm-591,,0,9.652,9.652,,,0.406,Steel
bm-592,,0,9.652,9.652,,,0.406,Steel
bm-593,,0,9.652,9.652,,,0.406,Steel
bm-594,,0,9.652,9.652,,,0.406,Steel
bm-595,,0,9.652,9.652,,,0.406,Steel
bm-596,,0,9.652,9.652,,,0.406,Steel
bm-597,,0,9.652,9.652,,0.076,0.089,Steel
bm-598,,0,9.652,9.652,,,0.406,Steel
bm-599,,0,9.652,9.652,,,0.406,Steel
bm-600,,0,9.652,9.652,,,0.406,Steel
bm-601,,0,9.652,9.652,,,0.406,Steel
bm-602,,0,9.652,9.652,,,0.406,Steel
bm-603,,0,9.652,9.652,,,0.406,Steel
bm-604,,0,9.652,9.652,,,0.406,Steel
bm-605,,0,9.652,9.652,,,0.406,Steel
bm-606,,0,9.652,9.652,,,0.406,Steel
bm-607,,0,9.652,9.652,,,0.406,Steel
bm-608,,0,9.652,9.652,,,0.406,Steel
bm-609,,0,9.652,9.652,,,0.406,Steel
bm-610,,0,9.652,9.652,,,0.406,Steel
bm-611,,0,9.652,9.652,,,0.406,Steel
bm-612,,0,9.652,9.652,,,0.406,Steel
bm-613,,0,9.652,9.652,,,0.406,Steel
bm-614,,0,9.652,9.652,,,0.406,Steel
bm-615,,0,9.652,9.652,,,0.406,Steel
bm-616,,0,9.652,9.652,,,0.406,Steel
bm-617,,0,9.652,9.652,,,0.406,Steel
bm-618,,0,9.652,9.652,,,0.406,Steel
bm-619,,0,9.652,9.652,,,0.406,Steel
bm-620,,0,9.652,9.652,,,0.406,Steel
bm-621,,0,9.652,9.652,,,0.406,Steel
bm-622,,0,9.652,9.652,,,0.406,Steel
bm-623,,0,9.652,9.652,,,0.406,Steel
bm-624,,0,9.652,9.652,,,0.406,Steel
bm-625,,0,9.652,9.652,,,0.406,Steel
bm-626,,0,13.716,13.716,,0.191,0.46,Steel
bm-627,,0,13.716,13.716,,0.191,0.46,Steel
bm-628,,0,13.716,13.716,,0.191,0.46,Steel
bm-629,,0,13.716,13.716,,0.191,0.46,Steel
bm-630,,0,13.716,13.716,,0.191,0.46,Steel
bm-631,,0,13.716,13.716,,0.191,0.46,Steel
bm-632,,0,13.716,13.716,,0.191,0.46,Steel
bm-633,,0,13.716,13.716,,0.191,0.46,Steel
bm-634,,0,13.716,13.716,,0.191,0.46,Steel
bm-635,,0,13.716,13.716,,0.191,0.46,Steel
bm-636,,0,13.716,13.716,,0.282,0.467,Steel
bm-637,,0,13.716,13.716,,0.191,0.46,Steel
bm-638,,0,13.716,13.716,,0.191,0.46,Steel
bm-639,,0,13.716,13.716,,0.191,0.46,Steel
bm-640,,0,13.716,13.716,,0.191,0.46,Steel
bm-641,,0,13.716,13.716,,0.191,0.46,Steel
bm-642,,0,13.716,13.716,,0.191,0.46,Steel
bm-643,,0,13.716,13.716,,0.191,0.46,Steel
bm-644,,0,13.716,13.716,,0.191,0.46,Steel
bm-645,,0,13.716,13.716,,0.191,0.46,Steel
bm-646,,0,13.716,13.716,,0.191,0.46,Steel
bm-647,,0,13.716,13.716,,0.191,0.46,Steel
bm-648,,0,13.716,13.716,,0.191,0.46,Steel
bm-649,,0,13.716,13.716,,0.191,0.46,Steel
bm-650,,0,13.716,13.716,,0.191,0.46,Steel
bm-651,,0,13.716,13.716,,0.191,0.46,Steel
bm-652,,0,13.716,13.716,,0.191,0.46,Steel
bm-653,,0,13.716,13.716,,0.191,0.46,Steel
bm-654,,0,13.716,13.716,,0.191,0.46,Steel
bm-655,,0,13.716,13.716,,0.191,0.46,Steel
bm-656,,0,13.716,13.716,,0.191,0.46,Steel
bm-657,,0,13.716,13.716,,0.191,0.46,Steel
bm-658,,0,13.716,13.716,,0.191,0.46,Steel
bm-659,,0,13.716,13.716,,0.191,0.46,Steel
bm-660,,0,13.716,13.716,,0.191,0.46,Steel
bm-661,,0,13.716,13.716,,,0.406,Steel
bm-662,,0,13.716,13.716,,,0.406,Steel
bm-663,,0,13.716,13.716,,,0.406,Steel
bm-664,,0,13.716,13.716,,,0.406,Steel
bm-665,,0,13.716,13.716,,,0.406,Steel
bm-666,,0,13.716,13.716,,,0.406,Steel
bm-667,,0,13.716,13.716,,,0.406,Steel
bm-668,,0,13.716,13.716,,,0.406,Steel
bm-669,,0,13.716,13.716,,,0.406,Steel
bm-670,,0,13.716,13.716,,,0.406,Steel
bm-671,,0,13.716,13.716,,,0.406,Steel
bm-672,,0,13.716,13.716,,,0.406,Steel
bm-673,,0,13.716,13.716,,,0.406,Steel
bm-674,,0,13.716,13.716,,,0.406,Steel
bm-675,,0,13.716,13.716,,,0.406,Steel
bm-676,,0,13.716,13.716,,,0.406,Steel
bm-677,,0,13.716,13.716,,,0.406,Steel
bm-678,,0,13.716,13.716,,,0.406,Steel
bm-679,,0,13.716,13.716,,,0.406,Steel
bm-680,,0,13.716,13.716,,,0.406,Steel
bm-681,,0,13.716,13.716,,,0.406,Steel
bm-682,,0,13.716,13.716,,,0.406,Steel
bm-683,,0,13.716,13.716,,,0.406,Steel
bm-684,,0,13.716,13.716,,,0.406,Steel
bm-685,,0,13.716,13.716,,,0.406,Steel
bm-686,,0,13.716,13.716,,,0.406,Steel
bm-687,,0,13.716,13.716,,,0.406,Steel
bm-688,,0,13.716,13.716,,,0.406,Steel
bm-689,,0,13.716,13.716,,,0.406,Steel
bm-690,,0,13.716,13.716,,,0.406,Steel
bm-691,,0,13.716,13.716,,,0.406,Steel
bm-692,,0,13.716,13.716,,,0.406,Steel
bm-693,,0,13.716,13.716,,0.191,0.46,Steel
bm-694,,0,13.716,13.716,,0.191,0.46,Steel
bm-695,,0,13.716,13.716,,0.191,0.46,Steel
bm-696,,0,13.716,13.716,,,0.406,Steel
bm-697,,0,13.716,13.716,,,0.406,Steel
bm-698,,0,13.716,13.716,,,0.406,Steel
bm-699,,0,13.716,13.716,,,0.406,Steel
bm-700,,0,13.716,13.716,,,0.406,Steel
bm-701,,0,13.716,13.716,,,0.406,Steel
bm-702,,0,13.716,13.716,,,0.406,Steel
bm-703,,0,13.716,13.716,,,0.406,Steel
bm-704,,0,13.716,13.716,,,0.406,Steel
bm-705,,0,13.716,13.716,,,0.406,Steel
bm-706,,0,13.716,13.716,,,0.406,Steel
bm-707,,0,13.716,13.716,,,0.406,Steel
bm-708,,0,13.716,13.716,,,0.406,Steel
bm-709,,0,13.716,13.716,,0.191,0.46,Steel
bm-710,,0,13.716,13.716,,0.1,0.2,Steel
bm-711,,0,13.716,13.716,,0.191,0.46,Steel
bm-712,,0,13.716,13.716,,0.1,0.2,Steel
bm-713,,0,13.716,13.716,,0.1,0.2,Steel
bm-714,,0,13.716,13.716,,0.1,0.2,Steel
bm-715,,0,13.716,13.716,,0.1,0.2,Steel
bm-716,,0,13.716,13.716,,0.1,0.2,Steel
bm-717,,0,13.716,13.716,,0.1,0.2,Steel
bm-718,,0,13.716,13.716,,0.057,0.203,Steel
bm-719,,0,,,,0.057,0.203,Steel
bm-720,,0,13.716,13.716,,0.057,0.203,Steel
bm-721,,0,13.716,13.716,,,0.406,Steel
bm-722,,0,13.716,13.716,,,0.406,Steel
bm-723,,0,13.716,13.716,,,0.406,Steel
bm-724,,0,13.716,13.716,,,0.406,Steel
bm-725,,0,13.716,13.716,,,0.406,Steel
bm-726,,0,13.716,13.716,,,0.406,Steel
bm-727,,0,13.716,13.716,,,0.406,Steel
bm-728,,0,13.716,13.716,,,0.406,Steel
bm-729,,0,13.716,13.716,,,0.406,Steel
bm-730,,0,13.716,13.716,,,0.406,Steel
bm-731,,0,13.716,13.716,,,0.406,Steel
bm-732,,0,13.716,13.716,,,0.406,Steel
bm-733,,0,13.716,13.716,,,0.406,Steel
bm-734,,0,13.716,13.716,,,0.406,Steel
bm-735,,0,13.716,13.716,,,0.406,Steel
bm-736,,0,13.716,13.716,,0.076,0.089,Steel
bm-737,,0,13.716,13.716,,,0.406,Steel
bm-738,,0,13.716,13.716,,,0.406,Steel
bm-739,,0,13.716,13.716,,,0.406,Steel
bm-740,,0,13.716,13.716,,,0.406,Steel
bm-741,,0,13.716,13.716,,,0.406,Steel
bm-742,,0,13.716,13.716,,,0.406,Steel
bm-743,,0,13.716,13.716,,,0.406,Steel
bm-744,,0,13.716,13.716,,,0.406,Steel
bm-745,,0,13.716,13.716,,,0.406,Steel
bm-746,,0,13.716,13.716,,,0.406,Steel
bm-747,,0,13.716,13.716,,,0.406,Steel
bm-748,,0,13.716,13.716,,,0.406,Steel
bm-749,,0,13.716,13.716,,,0.406,Steel
bm-750,,0,13.716,13.716,,,0.406,Steel
bm-751,,0,13.716,13.716,,,0.406,Steel
bm-752,,0,13.716,13.716,,,0.406,Steel
bm-753,,0,13.716,13.716,,,0.406,Steel
bm-754,,0,13.716,13.716,,,0.406,Steel
bm-755,,0,13.716,13.716,,,0.406,Steel
bm-756,,0,13.716,13.716,,,0.406,Steel
bm-757,,0,13.716,13.716,,,0.406,Steel
bm-758,,0,13.716,13.716,,,0.406,Steel
bm-759,,0,13.716,13.716,,,0.406,Steel
bm-760,,0,13.716,13.716,,,0.406,Steel
bm-761,,0,13.716,13.716,,,0.406,Steel
bm-762,,0,13.716,13.716,,,0.406,Steel
bm-763,,0,13.716,13.716,,,0.406,Steel
bm-764,,0,13.716,13.716,,,0.406,Steel
bm-765,,0,9.652,9.652,,0.191,0.46,Steel
bm-766,,0,9.652,9.652,,0.191,0.46,Steel
bm-767,,0,9.652,9.652,,,0.406,Steel
bm-768,,0,9.652,9.652,,,0.406,Steel
bm-769,,0,9.652,9.652,,,0.406,Steel
bm-770,,0,9.652,9.652,,,0.406,Steel
bm-771,,0,9.652,9.652,,,0.406,Steel
bm-772,,0,9.652,9.652,,,0.406,Steel
bm-773,,0,9.652,9.652,,,0.406,Steel
bm-774,,0,9.652,9.652,,,0.406,Steel
bm-775,,0,9.652,9.652,,,0.406,Steel
bm-776,,0,9.652,9.652,,,0.406,Steel
bm-777,,0,9.652,9.652,,0.191,0.46,Steel
bm-778,,0,9.652,9.652,,0.191,0.46,Steel
bm-779,,0,9.652,9.652,,0.191,0.46,Steel
bm-780,,0,9.652,9.652,,0.282,0.467,Steel
bm-781,,0,9.652,9.652,,0.282,0.467,Steel
bm-782,,0,9.652,9.652,,0.282,0.467,Steel
bm-783,,0,9.652,9.652,,0.384,0.795,Steel
bm-784,,0,9.652,9.652,,0.165,0.31,Steel
bm-785,,0,9.652,9.652,,0.165,0.31,Steel
bm-786,,0,9.652,9.652,,0.191,0.46,Steel
bm-787,,0,9.652,9.652,,0.165,0.31,Steel
bm-788,,0,9.652,9.652,,0.1,0.2,Steel
bm-789,,0,9.652,9.652,,0.1,0.2,Steel
bm-790,,0,9.652,9.652,,0.1,0.2,Steel
bm-791,,0,9.652,9.652,,0.165,0.31,Steel
bm-792,,0,9.652,9.652,,0.165,0.31,Steel
bm-793,,0,9.652,9.652,,0.165,0.31,Steel
bm-794,,0,9.652,9.652,,0.1,0.2,Steel
bm-795,,0,9.652,9.652,,0.1,0.2,Steel
bm-796,,0,9.652,9.652,,0.1,0.2,Steel
bm-797,,0,9.652,9.652,,0.165,0.31,Steel
bm-798,,0,9.652,9.652,,0.165,0.31,Steel
bm-799,,0,9.652,9.652,,0.191,0.46,Steel
bm-800,,0,9.652,9.652,,0.191,0.46,Steel
bm-801,,0,9.652,9.652,,0.191,0.46,Steel
bm-802,,0,9.652,9.652,,0.191,0.46,Steel
bm-803,,0,9.652,9.652,,,0.508,Steel
bm-804,,0,9.652,9.652,,,0.508,Steel
bm-805,,0,9.652,9.652,,,0.508,Steel
bm-806,,0,9.652,9.652,,,0.508,Steel
bm-807,,0,9.652,9.652,,,0.508,Steel
bm-808,,0,9.652,9.652,,,0.508,Steel
bm-809,,0,9.652,9.652,,,0.508,Steel
bm-810,,0,9.652,9.652,,,0.508,Steel
bm-811,,0,9.652,9.652,,,0.508,Steel
bm-812,,0,9.652,9.652,,,0.508,Steel
bm-813,,0,9.652,9.652,,,0.508,Steel
bm-814,,0,9.652,9.652,,,0.508,Steel
bm-815,,0,9.652,9.652,,,0.508,Steel
bm-816,,0,9.652,9.652,,,0.508,Steel
bm-817,,0,9.652,9.652,,,0.508,Steel
bm-818,,0,9.652,9.652,,,0.508,Steel
bm-819,,0,9.652,9.652,,,0.508,Steel
bm-820,,0,9.652,9.652,,,0.508,Steel
bm-821,,0,9.652,9.652,,,0.508,Steel
bm-822,,0,9.652,9.652,,,0.508,Steel
bm-823,,0,9.652,9.652,,,0.508,Steel
bm-824,,0,9.652,9.652,,,0.508,Steel
bm-825,,0,9.652,9.652,,,0.508,Steel
bm-826,,0,9.652,9.652,,,0.508,Steel
bm-827,,0,9.652,9.652,,,0.508,Steel
bm-828,,0,9.652,9.652,,0.165,0.31,Steel
bm-829,,0,9.652,9.652,,0.1,0.2,Steel
bm-830,,0,9.652,9.652,,0.1,0.2,Steel
bm-831,,0,9.652,9.652,,0.1,0.2,Steel
bm-832,,0,13.716,13.716,,0.191,0.46,Steel
bm-833,,0,13.716,13.716,,0.191,0.46,Steel
bm-834,,0,13.716,13.716,,0.191,0.46,Steel
bm-835,,0,13.716,13.716,,0.282,0.467,Steel
bm-836,,0,13.716,13.716,,0.282,0.467,Steel
bm-837,,0,13.716,13.716,,0.282,0.467,Steel
bm-838,,0,13.716,13.716,,0.384,0.795,Steel
bm-839,,0,13.716,13.716,,0.165,0.31,Steel
bm-840,,0,13.716,13.716,,0.165,0.31,Steel
bm-841,,0,13.716,13.716,,0.191,0.46,Steel
bm-842,,0,13.716,13.716,,0.165,0.31,Steel
bm-843,,0,13.716,13.716,,0.1,0.2,Steel
bm-844,,0,13.716,13.716,,0.1,0.2,Steel
bm-845,,0,13.716,13.716,,0.1,0.2,Steel
bm-846,,0,13.716,13.716,,0.165,0.31,Steel
bm-847,,0,13.716,13.716,,0.165,0.31,Steel
bm-848,,0,13.716,13.716,,0.165,0.31,Steel
bm-849,,0,13.716,13.716,,0.1,0.2,Steel
bm-850,,0,13.716,13.716,,0.1,0.2,Steel
bm-851,,0,13.716,13.716,,0.1,0.2,Steel
bm-852,,0,13.716,13.716,,0.165,0.31,Steel
bm-853,,0,13.716,13.716,,0.165,0.31,Steel
bm-854,,0,13.716,13.716,,0.191,0.46,Steel
bm-855,,0,13.716,13.716,,0.191,0.46,Steel
bm-856,,0,13.716,13.716,,0.191,0.46,Steel
bm-857,,0,13.716,13.716,,0.191,0.46,Steel
bm-858,,0,13.716,13.716,,,0.508,Steel
bm-859,,0,13.716,13.716,,,0.508,Steel
bm-860,,0,13.716,13.716,,,0.508,Steel
bm-861,,0,13.716,13.716,,,0.508,Steel
bm-862,,0,13.716,13.716,,,0.508,Steel
bm-863,,0,13.716,13.716,,,0.508,Steel
bm-864,,0,13.716,13.716,,,0.508,Steel
bm-865,,0,13.716,13.716,,,0.508,Steel
bm-866,,0,13.716,13.716,,,0.508,Steel
bm-867,,0,13.716,13.716,,,0.508,Steel
bm-868,,0,13.716,13.716,,,0.508,Steel
bm-869,,0,13.716,13.716,,,0.508,Steel
bm-870,,0,13.716,13.716,,,0.508,Steel
bm-871,,0,13.716,13.716,,,0.508,Steel
bm-872,,0,13.716,13.716,,,0.508,Steel
bm-873,,0,13.716,13.716,,,0.508,Steel
bm-874,,0,13.716,13.716,,,0.508,Steel
bm-875,,0,13.716,13.716,,,0.508,Steel
bm-876,,0,13.716,13.716,,,0.508,Steel
bm-877,,0,13.716,13.716,,,0.508,Steel
bm-878,,0,13.716,13.716,,,0.508,Steel
bm-879,,0,13.716,13.716,,,0.508,Steel
bm-880,,0,13.716,13.716,,,0.508,Steel
bm-881,,0,13.716,13.716,,,0.508,Steel
bm-882,,0,13.716,13.716,,,0.508,Steel
bm-883,,0,13.716,13.716,,0.165,0.31,Steel
bm-884,,0,13.716,13.716,,0.1,0.2,Steel
bm-885,,0,13.716,13.716,,0.1,0.2,Steel
bm-886,,0,13.716,13.716,,0.1,0.2,Steel
bm-887,,0,17.78,17.78,,0.076,0.089,Steel
bm-888,,0,17.78,17.78,,,0.406,Steel
bm-889,,0,17.78,17.78,,,0.406,Steel
bm-890,,0,17.78,17.78,,,0.406,Steel
bm-891,,0,17.78,17.78,,,0.406,Steel
bm-892,,0,17.78,17.78,,,0.406,Steel
bm-893,,0,17.78,17.78,,,0.406,Steel
bm-894,,0,17.78,17.78,,,0.406,Steel
bm-895,,0,9.652,9.652,,,0.406,Steel
bm-896,,0,9.652,9.652,,,0.406,Steel
bm-897,,0,9.652,9.652,,,0.406,Steel
bm-898,,0,9.652,9.652,,,0.406,Steel
bm-899,,0,9.652,9.652,,,0.406,Steel
bm-900,,0,17.78,17.78,,0.191,0.46,Steel
bm-901,,0,21.054,21.054,,0.1,0.2,Steel
bm-902,,0,21.017,21.017,,0.1,0.2,Steel
bm-903,,0,20.979,20.979,,0.1,0.2,Steel
bm-904,,0,20.941,20.941,,0.1,0.2,Steel
bm-905,,0,20.904,20.904,,0.1,0.2,Steel
bm-906,,0,5.588,5.588,,0.165,0.31,Steel
bm-907,,0,5.588,5.588,,0.165,0.31,Steel
bm-908,,0,5.588,5.588,,0.165,0.31,Steel
bm-909,,0,5.588,5.588,,0.165,0.31,Steel
bm-910,,0,5.588,5.588,,0.165,0.31,Steel
bm-911,,0,5.588,5.588,,0.165,0.31,Steel
bm-912,,0,5.588,5.588,,0.165,0.31,Steel
bm-913,,0,5.588,5.588,,0.165,0.31,Steel
bm-914,,0,5.588,5.588,,0.165,0.31,Steel
bm-915,,0,5.588,5.588,,0.165,0.31,Steel
bm-916,,0,21.092,21.016,,0.076,0.089,Steel
bm-917,,0,21.016,21.016,,0.076,0.089,Steel
bm-918,,0,21.016,21.092,,0.076,0.089,Steel
bm-919,,0,21.092,21.092,,0.076,0.089,Steel
bm-920,,0,21.054,21.054,,0.1,0.2,Steel
bm-921,,0,21.016,21.092,,0.076,0.089,Steel
bm-922,,0,21.054,21.054,,0.1,0.2,Steel
bm-923,,0,17.78,17.78,,0.1,0.2,Steel
bm-924,,0,17.78,17.78,,0.1,0.2,Steel
bm-925,,0,17.78,17.78,,0.1,0.2,Steel
bm-926,,0,17.78,17.78,,0.1,0.2,Steel
bm-927,,0,17.78,17.78,,0.1,0.2,Steel
bm-928,,0,17.78,17.78,,0.1,0.2,Steel
bm-929,,0,2.311,2.311,,,0.406,Steel
bm-930,,0,9.652,9.652,,,0.406,Steel
bm-931,,0,9.652,9.652,,,0.406,Steel
bm-932,,0,9.652,9.652,,,0.406,Steel
bm-933,,0,9.652,9.652,,,0.406,Steel
bm-934,,0,9.652,9.652,,,0.406,Steel
bm-935,,0,9.652,9.652,,,0.406,Steel
bm-936,,0,9.652,9.652,,,0.406,Steel
bm-937,,0,9.652,9.652,,,0.406,Steel
bm-938,,0,9.652,9.652,,,0.406,Steel
bm-939,,0,9.652,9.652,,,0.406,Steel
bm-940,,0,13.716,13.716,,,0.406,Steel
bm-941,,0,9.652,9.652,,,0.406,Steel
bm-942,,0,5.588,5.588,,,0.406,Steel
